[
  {
    "Name": "ID",
    "HeaderName": "ID",
    "HeaderKey": "ID",
    "Width": 10,
    "Hidden": true,
    "OrderColumn": null,
    "RowOnPage": null,
    "Group": false,
    "Locked": false,
    "Sortable": true,
    "Class": null,
    "Disable": true,
    "Filter": false,
    "Format": null,
    "isNumber": false,
    "IsMultiColumn": null,
    "MultiColumn": null,
    "IsCollapse": null,
    "IsHiddenConfig": true
  },
  {
    "Name": "ProfileName",
    "HeaderName": "attendance.business.staff",
    "HeaderKey": "attendance.business.staff",
    "Width": 280,
    "Hidden": false,
    "OrderColumn": null,
    "RowOnPage": null,
    "Group": false,
    "Locked": false,
    "Sortable": true,
    "Class": null,
    "Disable": true,
    "Filter": false,
    "Format": null,
    "isNumber": false,
    "IsMultiColumn": null,
    "MultiColumn": null,
    "IsCollapse": null,
    "IsHiddenConfig": false
  },

  {
    "Name": "WorkDate",
    "HeaderName": "attendance.business.dataRegister",
    "HeaderKey": "attendance.business.dataRegister",
    "Width": 200,
    "Hidden": false,
    "OrderColumn": null,
    "RowOnPage": null,
    "Group": false,
    "Locked": false,
    "Sortable": true,
    "Class": null,
    "Disable": true,
    "Filter": false,
    "Format": null,
    "isNumber": false,
    "IsMultiColumn": null,
    "MultiColumn": null,
    "IsCollapse": null,
    "IsHiddenConfig": false
  },
  {
    "Name": "LateMinutes",
    "HeaderName": "attendance.lateEarly.timeLateEarly",
    "HeaderKey": "attendance.lateEarly.timeLateEarly",
    "Width": 215,
    "Hidden": false,
    "OrderColumn": null,
    "RowOnPage": null,
    "Group": false,
    "Locked": false,
    "Sortable": true,
    "Class": null,
    "Disable": true,
    "Filter": false,
    "Format": null,
    "isNumber": false,
    "IsMultiColumn": null,
    "MultiColumn": null,
    "IsCollapse": null,
    "IsHiddenConfig": false
  },
  {
    "Name": "DataNote",
    "HeaderName": "attendance.business.reason",
    "HeaderKey": "attendance.business.reason",
    "Width": 250,
    "Hidden": false,
    "OrderColumn": null,
    "RowOnPage": null,
    "Group": false,
    "Locked": false,
    "Sortable": true,
    "Class": null,
    "Disable": true,
    "Filter": false,
    "Format": null,
    "isNumber": false,
    "IsMultiColumn": null,
    "MultiColumn": null,
    "IsCollapse": null,
    "IsHiddenConfig": false
  },

  {
    "Name": "DataStatus",
    "HeaderName": "attendance.business.status",
    "HeaderKey": "attendance.business.status",
    "Width": 200,
    "Hidden": false,
    "OrderColumn": null,
    "RowOnPage": null,
    "Group": false,
    "Locked": false,
    "Sortable": true,
    "Class": null,
    "Disable": true,
    "Filter": false,
    "Format": null,
    "isNumber": false,
    "IsMultiColumn": null,
    "MultiColumn": null,
    "IsCollapse": null,
    "IsHiddenConfig": false
  },
  {
    "Name": "BtnControl",
    "HeaderKey": null,
    "Width": 100,
    "Hidden": false,
    "OrderColumn": null,
    "RowOnPage": null,
    "Group": false,
    "Locked": false,
    "Sticky": true,
    "Sortable": true,
    "Class": null,
    "Disable": true,
    "Filter": false,
    "Format": null,
    "isNumber": false,
    "IsMultiColumn": null,
    "MultiColumn": null,
    "IsCollapse": null,
    "IsHiddenConfig": true
  },
  {
    "Name": "Hidden",
    "HeaderKey": null,
    "Width": 10,
    "Hidden": true,
    "OrderColumn": null,
    "RowOnPage": null,
    "Group": false,
    "Locked": false,
    "Sortable": true,
    "Class": null,
    "Disable": true,
    "Filter": false,
    "Format": null,
    "isNumber": false,
    "IsMultiColumn": null,
    "MultiColumn": null,
    "IsCollapse": null,
    "IsHiddenConfig": true
  }
]
