{
  "E_PROFILE_INFORMATION": [
    {
      "type": "E_INFORMATION",
      "translateKey": "recruitment.candidateInfo.candidateInfo",
      "title": "Thông tin ứng viên",
      "fieldName": "CandidateInformation",
      "order": 1,
      "hidden": false,
      "config": [
        {
          "type": "E_INFORMATION_PROFILE",
          "title": "Thông tin cá nhân",
          "translateKey": "recruitment.candidateInfo.profileInformation",
          "fieldName": "",
          "order": 1,
          "hidden": false,
          "config": [
            {
              "id": "07e17db0-362a-4958-90c8-aae8dd7c782c",
              "fieldName": "CandidateName",
              "displayName": "Họ và tên",
              "translateKey": "recruitment.candidateInfo.fullName",
              "hidden": false,
              "order": 1,
              "format": null,
              "type": "Text",
              "value": null,
              "value_Old": null
            },
            {
              "id": "07e17db0-362a-4958-90c8-aae8dd7c782c",
              "fieldName": "DateOfBirth",
              "displayName": "Ngày sinh",
              "translateKey": "recruitment.candidateInfo.dateOfBirth",
              "hidden": false,
              "order": 2,
              "format": "dd/MM/yyyy",
              "type": "Date",
              "value": null,
              "value_Old": null
            },
            {
              "id": "07e17db0-362a-4958-90c8-aae8dd7c782c",
              "fieldName": "GenderView",
              "displayName": "Giới tính",
              "translateKey": "recruitment.candidateInfo.gender",
              "hidden": false,
              "order": 3,
              "format": null,
              "type": "Text",
              "value": null,
              "value_Old": null
            },
            {
              "id": "07e17db0-362a-4958-90c8-aae8dd7c782c",
              "fieldName": "EthnicName",
              "displayName": "Dân tộc",
              "translateKey": "recruitment.candidateInfo.ethnic",
              "hidden": false,
              "order": 4,
              "format": null,
              "type": "Text",
              "value": null,
              "value_Old": null
            },
            {
              "id": "07e17db0-362a-4958-90c8-aae8dd7c782c",
              "fieldName": "ReligionName",
              "displayName": "Tôn giáo",
              "translateKey": "recruitment.candidateInfo.religion",
              "hidden": false,
              "order": 5,
              "format": null,
              "type": "Text",
              "value": null,
              "value_Old": null
            },
            {
              "id": "07e17db0-362a-4958-90c8-aae8dd7c782c",
              "fieldName": "PlaceOfBirth",
              "displayName": "Nơi sinh",
              "translateKey": "recruitment.candidateInfo.origin",
              "hidden": false,
              "order": 6,
              "format": null,
              "type": "Text",
              "value": null,
              "value_Old": null
            },
            {
              "id": "07e17db0-362a-4958-90c8-aae8dd7c782c",
              "fieldName": "Height",
              "displayName": "Chiều cao (cm)",
              "translateKey": "recruitment.candidateInfo.height",
              "hidden": false,
              "order": 7,
              "format": null,
              "type": "Text",
              "value": null,
              "value_Old": null
            },
            {
              "id": "07e17db0-362a-4958-90c8-aae8dd7c782c",
              "fieldName": "Weight",
              "displayName": "Cân nặng (kg)",
              "translateKey": "recruitment.candidateInfo.weight",
              "hidden": false,
              "order": 8,
              "format": null,
              "type": "Text",
              "value": null,
              "value_Old": null
            },
            {
              "id": "07e17db0-362a-4958-90c8-aae8dd7c782c",
              "fieldName": "GraduatedLevelName",
              "displayName": "Trình độ học vấn",
              "translateKey": "recruitment.candidateInfo.educationLevel",
              "hidden": false,
              "order": 9,
              "format": null,
              "type": "Text",
              "value": null,
              "value_Old": null
            },
            {
              "id": "07e17db0-362a-4958-90c8-aae8dd7c782c",
              "fieldName": "MarriageStatusView",
              "displayName": "Tình trạng hôn nhân",
              "translateKey": "recruitment.candidateInfo.maritalStatus",
              "hidden": false,
              "order": 10,
              "format": null,
              "type": "Text",
              "value": null,
              "value_Old": null
            },
            {
              "id": "07e17db0-362a-4958-90c8-aae8dd7c782c",
              "fieldName": "NumberChild",
              "displayName": "Số con",
              "translateKey": "recruitment.candidateInfo.numberOfChildren",
              "hidden": false,
              "order": 11,
              "format": null,
              "type": "Text",
              "value": null,
              "value_Old": null
            },
            {
              "id": "07e17db0-362a-4958-90c8-aae8dd7c782c",
              "fieldName": "SourceAdsName",
              "displayName": "Nguồn ứng viên",
              "translateKey": "recruitment.candidateInfo.originCandidate",
              "hidden": false,
              "order": 12,
              "format": null,
              "type": "Text",
              "value": null,
              "value_Old": null
            },
            {
              "id": "07e17db0-362a-4958-90c8-aae8dd7c782c",
              "fieldName": "FileAttachment",
              "displayName": "CV đính kèm",
              "translateKey": "recruitment.candidateInfo.attachmentCV",
              "hidden": true,
              "order": 13,
              "format": null,
              "type": "File",
              "value": null,
              "value_Old": null
            }
          ]
        },
        {
          "type": "E_INFORMATION_IDENTIFICATION",
          "title": "Chứng minh nhân dân",
          "translateKey": "recruitment.candidateInfo.identificationName",
          "fieldName": "",
          "order": 2,
          "hidden": false,
          "config": [
            {
              "id": "07e17db0-362a-4958-90c8-aae8dd7c782c",
              "fieldName": "IdentifyNumber",
              "displayName": "Số CMND",
              "translateKey": "recruitment.candidateInfo.identification",
              "hidden": false,
              "order": 1,
              "format": null,
              "type": "Text",
              "value": null,
              "value_Old": null
            },
            {
              "id": "07e17db0-362a-4958-90c8-aae8dd7c782c",
              "fieldName": "IDDateOfIssue",
              "displayName": "Ngày cấp CMND",
              "translateKey": "recruitment.candidateInfo.IdentificationIssueDate",
              "hidden": false,
              "order": 2,
              "format": "dd/MM/yyyy",
              "type": "Date",
              "value": null,
              "value_Old": null
            },
            {
              "id": "07e17db0-362a-4958-90c8-aae8dd7c782c",
              "fieldName": "PlaceOfIssueNewName",
              "displayName": "Nơi cấp CMND",
              "translateKey": "recruitment.candidateInfo.IdentificationIssuePlace",
              "hidden": false,
              "order": 3,
              "format": null,
              "type": "Text",
              "value": null,
              "value_Old": null
            }
          ]
        },
        {
          "type": "E_INFORMATION_IDENTIFICATION",
          "title": "Căn cước công dân",
          "translateKey": "recruitment.candidateInfo.IDCard",
          "fieldName": "",
          "order": 3,
          "hidden": false,
          "config": [
            {
              "id": "07e17db0-362a-4958-90c8-aae8dd7c782c",
              "fieldName": "IDCard",
              "displayName": "Số CCCD",
              "translateKey": "recruitment.candidateInfo.IDNo",
              "hidden": false,
              "order": 1,
              "format": null,
              "type": "Text",
              "value": null,
              "value_Old": null
            },
            {
              "id": "07e17db0-362a-4958-90c8-aae8dd7c782c",
              "fieldName": "IDCardDateOfIssue",
              "displayName": "Ngày cấp CCCD",
              "translateKey": "recruitment.candidateInfo.IDIssueDate",
              "hidden": false,
              "order": 2,
              "format": "dd/MM/yyyy",
              "type": "Date",
              "value": null,
              "value_Old": null
            },
            {
              "id": "07e17db0-362a-4958-90c8-aae8dd7c782c",
              "fieldName": "IDCardIssueNewPlaceName",
              "displayName": "Nơi cấp CCCD",
              "translateKey": "recruitment.candidateInfo.IDIssuePlace",
              "hidden": false,
              "order": 3,
              "format": null,
              "type": "Text",
              "value": null,
              "value_Old": null
            }
          ]
        }
      ]
    },
    {
      "type": "E_POSITION_APPLIED_FOR",
      "translateKey": "recruitment.candidateInfo.positionAppliedFor",
      "title": "Vị trí ứng tuyển",
      "fieldName": "PositionAppliedFor",
      "order": 2,
      "hidden": false,
      "config": [
        {
          "type": "E_POSITION_APPLIED_FOR_TYPE",
          "translateKey": "",
          "fieldName": "",
          "hidden": false,
          "order": 1,
          "config": [
            {
              "id": "07e17db0-362a-4958-90c8-aae8dd7c782c",
              "fieldName": "JobVacancyName",
              "displayName": "Vị trí ứng tuyến",
              "translateKey": "recruitment.candidateInfo.positionAppliedFor",
              "hidden": false,
              "order": 1,
              "format": null,
              "type": "Text",
              "value": null,
              "value_Old": null
            },
            {
              "id": "07e17db0-362a-4958-90c8-aae8dd7c782c",
              "fieldName": "SalarySuggest",
              "displayName": "Mức lương mong muốn",
              "translateKey": "recruitment.candidateInfo.proposedSalary",
              "hidden": false,
              "order": 2,
              "format": null,
              "type": "Text",
              "value": null,
              "value_Old": null
            },
            {
              "id": "07e17db0-362a-4958-90c8-aae8dd7c782c",
              "fieldName": "DateStartWorking",
              "displayName": "Ngày có thể đi làm",
              "translateKey": "recruitment.candidateInfo.startDate",
              "hidden": false,
              "order": 3,
              "format": "dd/MM/yyyy",
              "type": "Date",
              "value": null,
              "value_Old": null
            },
            {
              "id": "07e17db0-362a-4958-90c8-aae8dd7c782c",
              "fieldName": "DateApply",
              "displayName": "Ngày ứng tuyển",
              "translateKey": "recruitment.candidateInfo.applicationDate",
              "hidden": false,
              "order": 4,
              "format": "dd/MM/yyyy",
              "type": "Date",
              "value": null,
              "value_Old": null
            },
            {
              "id": "07e17db0-362a-4958-90c8-aae8dd7c782c",
              "fieldName": "Description",
              "displayName": "Lý do ứng tuyển",
              "translateKey": "recruitment.candidateInfo.applicationReason",
              "hidden": false,
              "order": 5,
              "format": null,
              "type": "Text",
              "value": null,
              "value_Old": null
            },
            {
              "id": "07e17db0-362a-4958-90c8-aae8dd7c782c",
              "fieldName": "PersonalPlan",
              "displayName": "Kế hoạch sau khi ứng tuyển",
              "translateKey": "recruitment.candidateInfo.planAfterApplying",
              "hidden": false,
              "order": 6,
              "format": null,
              "type": "Text",
              "value": null,
              "value_Old": null
            }
          ]
        }
      ]
    },
    {
      "type": "E_CONTACT",
      "translateKey": "recruitment.candidateInfo.contact",
      "title": "Liên hệ",
      "fieldName": "Contact",
      "order": 3,
      "hidden": false,
      "config": [
        {
          "type": "E_CONTACT_INFORMATION",
          "translateKey": "recruitment.candidateInfo.contactInfo",
          "title": "Thông tin liên hệ",
          "order": 1,
          "hidden": false,
          "config": [
            {
              "id": "07e17db0-362a-4958-90c8-aae8dd7c782c",
              "fieldName": "Mobile",
              "displayName": "Số điện thoại",
              "translateKey": "recruitment.candidateInfo.phoneNumber",
              "hidden": false,
              "order": 1,
              "format": null,
              "type": "Text",
              "value": null,
              "value_Old": null
            },
            {
              "id": "07e17db0-362a-4958-90c8-aae8dd7c782c",
              "fieldName": "Mobile2",
              "displayName": "Số điện thoại phụ",
              "translateKey": "recruitment.candidateInfo.secondaryPhoneNumber",
              "hidden": false,
              "order": 2,
              "format": null,
              "type": "Text",
              "value": null,
              "value_Old": null
            },
            {
              "id": "07e17db0-362a-4958-90c8-aae8dd7c782c",
              "fieldName": "Email",
              "displayName": "Email",
              "translateKey": "recruitment.candidateInfo.email",
              "hidden": false,
              "order": 3,
              "format": null,
              "type": "Text",
              "value": null,
              "value_Old": null
            }
          ]
        },
        {
          "type": "E_PERMANENT_ADDRESS",
          "translateKey": "recruitment.candidateInfo.permanentAddress",
          "title": "Địa chi thường trú",
          "fieldName": "",
          "order": 2,
          "hidden": false,
          "config": [
            {
              "id": "07e17db0-362a-4958-90c8-aae8dd7c782c",
              "fieldName": "PCountryName",
              "displayName": "Quốc gia",
              "translateKey": "recruitment.candidateInfo.pCountry",
              "hidden": false,
              "order": 1,
              "format": null,
              "type": "Text",
              "value": null,
              "value_Old": null
            },
            {
              "id": "07e17db0-362a-4958-90c8-aae8dd7c782c",
              "fieldName": "PProvinceName",
              "displayName": "Tỉnh/Thành",
              "translateKey": "recruitment.candidateInfo.pProvince",
              "hidden": false,
              "order": 2,
              "format": null,
              "type": "Text",
              "value": null,
              "value_Old": null
            },
            {
              "id": "07e17db0-362a-4958-90c8-aae8dd7c782c",
              "fieldName": "PDistrictName",
              "displayName": "Quận/Huyện",
              "translateKey": "recruitment.candidateInfo.pDistrict",
              "hidden": false,
              "order": 3,
              "format": null,
              "type": "Text",
              "value": null,
              "value_Old": null
            },
            {
              "id": "07e17db0-362a-4958-90c8-aae8dd7c782c",
              "fieldName": "PWardName",
              "displayName": "Phường/Xã",
              "translateKey": "recruitment.candidateInfo.pWard",
              "hidden": false,
              "order": 4,
              "format": null,
              "type": "Text",
              "value": null,
              "value_Old": null
            },
            {
              "id": "07e17db0-362a-4958-90c8-aae8dd7c782c",
              "fieldName": "Paddress",
              "displayName": "Địa chỉ",
              "translateKey": "recruitment.candidateInfo.pAddress",
              "hidden": false,
              "order": 5,
              "format": null,
              "type": "Text",
              "value": null,
              "value_Old": null
            }
          ]
        },
        {
          "type": "E_TEMPORARY_ADDRESS",
          "translateKey": "recruitment.candidateInfo.temporaryAddress",
          "title": "Địa chi tạm trú",
          "fieldName": "",
          "order": 3,
          "hidden": false,
          "config": [
            {
              "id": "07e17db0-362a-4958-90c8-aae8dd7c782c",
              "fieldName": "TCountryName",
              "displayName": "Quốc gia",
              "translateKey": "recruitment.candidateInfo.tCountry",
              "hidden": false,
              "order": 1,
              "format": null,
              "type": "Text",
              "value": null,
              "value_Old": null
            },
            {
              "id": "07e17db0-362a-4958-90c8-aae8dd7c782c",
              "fieldName": "TProvinceName",
              "displayName": "Tỉnh/Thành",
              "translateKey": "recruitment.candidateInfo.tProvince",
              "hidden": false,
              "order": 2,
              "format": null,
              "type": "Text",
              "value": null,
              "value_Old": null
            },
            {
              "id": "07e17db0-362a-4958-90c8-aae8dd7c782c",
              "fieldName": "TDistrictName",
              "displayName": "Quận/Huyện",
              "translateKey": "recruitment.candidateInfo.tDistrict",
              "hidden": false,
              "order": 3,
              "format": null,
              "type": "Text",
              "value": null,
              "value_Old": null
            },
            {
              "id": "07e17db0-362a-4958-90c8-aae8dd7c782c",
              "fieldName": "TWardName",
              "displayName": "Phường/Xã",
              "translateKey": "recruitment.candidateInfo.tWard",
              "hidden": false,
              "order": 4,
              "format": null,
              "type": "Text",
              "value": null,
              "value_Old": null
            },
            {
              "id": "07e17db0-362a-4958-90c8-aae8dd7c782c",
              "fieldName": "Taddress",
              "displayName": "Địa chỉ",
              "translateKey": "recruitment.candidateInfo.tAddress",
              "hidden": false,
              "order": 5,
              "format": null,
              "type": "Text",
              "value": null,
              "value_Old": null
            }
          ]
        }
      ]
    },
    {
      "type": "E_EDUCATION_LEVEL",
      "translateKey": "recruitment.candidateInfo.level",
      "title": "Trình độ chuyên môn",
      "fieldName": "EducationLevel",
      "order": 4,
      "hidden": false,
      "config": [
        {
          "type": "E_EDUCATION_LEVEL_TYPE",
          "translateKey": "",
          "fieldName": "",
          "order": 1,
          "hidden": false,
          "config": [
            {
              "id": "07e17db0-362a-4958-90c8-aae8dd7c782c",
              "fieldName": "DateQualification",
              "displayName": "Khoảng thời gian",
              "translateKey": "recruitment.candidateInfo.timePeriod",
              "hidden": false,
              "order": 1,
              "format": null,
              "type": "Text",
              "value": null,
              "value_Old": null
            },
            {
              "id": "07e17db0-362a-4958-90c8-aae8dd7c782c",
              "fieldName": "TrainingPlaceName",
              "displayName": "Tên trường",
              "translateKey": "recruitment.candidateInfo.schoolName",
              "hidden": false,
              "order": 2,
              "format": null,
              "type": "Text",
              "value": null,
              "value_Old": null
            },
            {
              "id": "07e17db0-362a-4958-90c8-aae8dd7c782c",
              "fieldName": "StudyProvinceName",
              "displayName": "Nơi học",
              "translateKey": "recruitment.candidateInfo.placeOfStudy",
              "hidden": false,
              "order": 3,
              "format": null,
              "type": "Text",
              "value": null,
              "value_Old": null
            },

            {
              "id": "07e17db0-362a-4958-90c8-aae8dd7c782c",
              "fieldName": "SubMajorName",
              "displayName": "Nghành học",
              "translateKey": "recruitment.candidateInfo.major",
              "hidden": false,
              "order": 4,
              "format": null,
              "type": "Text",
              "value": null,
              "value_Old": null
            },
            {
              "id": "07e17db0-362a-4958-90c8-aae8dd7c782c",
              "fieldName": "TypeOfEducationView",
              "displayName": "Loại hình đào tạo",
              "translateKey": "recruitment.candidateInfo.formOfEducation",
              "hidden": false,
              "order": 5,
              "format": null,
              "type": "Text",
              "value": null,
              "value_Old": null
            },
            {
              "id": "07e17db0-362a-4958-90c8-aae8dd7c782c",
              "fieldName": "EducationLevelName",
              "displayName": "Trình độ học vấn",
              "translateKey": "recruitment.candidateInfo.EducationLevelName",
              "hidden": false,
              "order": 6,
              "format": null,
              "type": "Text",
              "value": null,
              "value_Old": null
            }
          ]
        }
      ]
    },
    {
      "type": "E_TRAINING_COURSES",
      "translateKey": "recruitment.candidateInfo.trainingCourses",
      "title": "Các khóa huẩn luyện",
      "fieldName": "TrainingCourses",
      "order": 5,
      "hidden": false,
      "config": [
        {
          "type": "E_TRAINING_COURSES_TYPE",
          "translateKey": "",
          "fieldName": "",
          "order": 1,
          "hidden": false,
          "config": [
            {
              "id": "07e17db0-362a-4958-90c8-aae8dd7c782c",
              "fieldName": "DateTrainingCourse",
              "displayName": "Khoảng thời gian",
              "translateKey": "recruitment.candidateInfo.timePeriod",
              "hidden": false,
              "order": 1,
              "format": null,
              "type": "Text",
              "value": null,
              "value_Old": null
            },
            {
              "id": "07e17db0-362a-4958-90c8-aae8dd7c782c",
              "fieldName": "CourseTrainingPlaceName",
              "displayName": "Tên trường / Tố chức",
              "translateKey": "recruitment.candidateInfo.CourseTrainingPlaceName",
              "hidden": false,
              "order": 2,
              "format": null,
              "type": "Text",
              "value": null,
              "value_Old": null
            },
            {
              "id": "07e17db0-362a-4958-90c8-aae8dd7c782c",
              "fieldName": "CourseSubMajorName",
              "displayName": "Ngành học",
              "translateKey": "recruitment.candidateInfo.CourseSubMajorName",
              "hidden": false,
              "order": 3,
              "format": null,
              "type": "Text",
              "value": null,
              "value_Old": null
            },
            {
              "id": "07e17db0-362a-4958-90c8-aae8dd7c782c",
              "fieldName": "QualificationLevelName",
              "displayName": "Bằng cấp/Trình độ",
              "translateKey": "recruitment.candidateInfo.QualificationLevelName",
              "hidden": false,
              "order": 4,
              "format": null,
              "type": "Text",
              "value": null,
              "value_Old": null
            }
          ]
        }
      ]
    },
    {
      "type": "E_FOREIGN_LANGUAGES",
      "translateKey": "recruitment.candidateInfo.foreignLanguages",
      "title": "Ngoại ngữ",
      "fieldName": "ForeignLanguages",
      "order": 6,
      "hidden": false,
      "config": [
        {
          "type": "E_FOREIGN_LANGUAGES_TYPE",
          "translateKey": "",
          "fieldName": "",
          "order": 1,
          "hidden": false,
          "config": [
            {
              "id": "07e17db0-362a-4958-90c8-aae8dd7c782c",
              "fieldName": "LanguageType",
              "displayName": "Tên ngoại ngữ",
              "translateKey": "recruitment.candidateInfo.LanguageType",
              "hidden": false,
              "order": 1,
              "format": null,
              "type": "Text",
              "value": null,
              "value_Old": null
            },
            {
              "id": "07e17db0-362a-4958-90c8-aae8dd7c782c",
              "fieldName": "LevelView",
              "displayName": "Mức độ",
              "translateKey": "recruitment.candidateInfo.LevelView",
              "hidden": false,
              "order": 2,
              "format": null,
              "type": "Text",
              "value": null,
              "value_Old": null
            },
            {
              "id": "07e17db0-362a-4958-90c8-aae8dd7c782c",
              "fieldName": "LanguageLevel",
              "displayName": "Tên chứng chỉ",
              "translateKey": "recruitment.candidateInfo.LanguageLevel",
              "hidden": false,
              "order": 3,
              "format": null,
              "type": "Text",
              "value": null,
              "value_Old": null
            },
            {
              "id": "07e17db0-362a-4958-90c8-aae8dd7c782c",
              "fieldName": "Mark",
              "displayName": "Điểm số",
              "translateKey": "recruitment.candidateInfo.Mark",
              "hidden": false,
              "order": 4,
              "format": null,
              "type": "Text",
              "value": null,
              "value_Old": null
            }
          ]
        }
      ]
    },
    {
      "type": "E_INFORMATION_TECHNOLOGY",
      "translateKey": "recruitment.candidateInfo.InformationTechnology",
      "title": "Tin học",
      "fieldName": "InformationTechnology",
      "order": 7,
      "hidden": false,
      "config": [
        {
          "type": "E_INFORMATION_TECHNOLOGY_TYPE",
          "translateKey": "",
          "fieldName": "",
          "order": 1,
          "hidden": false,
          "config": [
            {
              "id": "07e17db0-362a-4958-90c8-aae8dd7c782c",
              "fieldName": "ComputingType",
              "displayName": "Tên công cụ",
              "translateKey": "recruitment.candidateInfo.ComputingType",
              "hidden": false,
              "order": 1,
              "format": null,
              "type": "Text",
              "value": null,
              "value_Old": null
            },
            {
              "id": "07e17db0-362a-4958-90c8-aae8dd7c782c",
              "fieldName": "Comment",
              "displayName": "Mô tả chứng chỉ",
              "translateKey": "recruitment.candidateInfo.Comment",
              "hidden": false,
              "order": 2,
              "format": null,
              "type": "Text",
              "value": null,
              "value_Old": null
            },
            {
              "id": "07e17db0-362a-4958-90c8-aae8dd7c782c",
              "fieldName": "ComputingLevel",
              "displayName": "Tên chứng chỉ",
              "translateKey": "recruitment.candidateInfo.ComputingLevel",
              "hidden": false,
              "order": 3,
              "format": null,
              "type": "Text",
              "value": null,
              "value_Old": null
            }
          ]
        }
      ]
    },
    {
      "type": "E_WORK_EXPERIENCE",
      "translateKey": "recruitment.candidateInfo.workExperience",
      "title": "Kinh nghiệm làm việc",
      "fieldName": "WorkExperience",
      "order": 8,
      "hidden": false,
      "config": [
        {
          "type": "E_WORK_EXPERIENCE",
          "translateKey": "",
          "fieldName": "",
          "order": 1,
          "hidden": false,
          "config": [
            {
              "id": "07e17db0-362a-4958-90c8-aae8dd7c782c",
              "fieldName": "DateHistory",
              "displayName": "Khoảng thời gian",
              "translateKey": "recruitment.candidateInfo.timePeriod",
              "hidden": false,
              "order": 1,
              "format": null,
              "type": "Text",
              "value": null,
              "value_Old": null
            },
            {
              "id": "07e17db0-362a-4958-90c8-aae8dd7c782c",
              "fieldName": "PositionLast",
              "displayName": "Chức danh",
              "translateKey": "recruitment.candidateInfo.jobTitleName",
              "hidden": false,
              "order": 2,
              "format": null,
              "type": "Text",
              "value": null,
              "value_Old": null
            },
            {
              "id": "07e17db0-362a-4958-90c8-aae8dd7c782c",
              "fieldName": "CompanyName",
              "displayName": "Công ty",
              "translateKey": "recruitment.candidateInfo.company",
              "hidden": false,
              "order": 3,
              "format": null,
              "type": "Text",
              "value": null,
              "value_Old": null
            },
            {
              "id": "07e17db0-362a-4958-90c8-aae8dd7c782c",
              "fieldName": "SalaryLast",
              "displayName": "Mức lương",
              "translateKey": "recruitment.candidateInfo.SalaryLast",
              "hidden": false,
              "order": 4,
              "format": null,
              "type": "Text",
              "value": null,
              "value_Old": null
            },
            {
              "id": "07e17db0-362a-4958-90c8-aae8dd7c782c",
              "fieldName": "SupComment",
              "displayName": "Trách nhiệm/ Thành tích đạt được",
              "translateKey": "recruitment.candidateInfo.SupComment",
              "hidden": false,
              "order": 5,
              "format": null,
              "type": "Text",
              "value": null,
              "value_Old": null
            },
            {
              "id": "07e17db0-362a-4958-90c8-aae8dd7c782c",
              "fieldName": "ResignReason",
              "displayName": "Lý do nghỉ việc",
              "translateKey": "recruitment.candidateInfo.reasonResignation",
              "hidden": false,
              "order": 6,
              "format": null,
              "type": "Text",
              "value": null,
              "value_Old": null
            },
            {
              "id": "07e17db0-362a-4958-90c8-aae8dd7c782c",
              "fieldName": "SupRelation",
              "displayName": "Tên người tham khảo",
              "translateKey": "recruitment.candidateInfo.SupRelation",
              "hidden": false,
              "order": 7,
              "format": null,
              "type": "Text",
              "value": null,
              "value_Old": null
            },
            {
              "id": "07e17db0-362a-4958-90c8-aae8dd7c782c",
              "fieldName": "SupPosition",
              "displayName": "Chức danh người tham khảo",
              "translateKey": "recruitment.candidateInfo.SupPosition",
              "hidden": false,
              "order": 8,
              "format": null,
              "type": "Text",
              "value": null,
              "value_Old": null
            },
            {
              "id": "07e17db0-362a-4958-90c8-aae8dd7c782c",
              "fieldName": "SupMobile",
              "displayName": "Số điện thoại",
              "translateKey": "recruitment.candidateInfo.phoneNumber",
              "hidden": false,
              "order": 9,
              "format": null,
              "type": "Text",
              "value": null,
              "value_Old": null
            }
          ]
        }
      ]
    }
  ]
}
