{
  "pagePrevText": "Trang trước",
  "pageNextText": "Trang tiếp",
  "completeText": "Hoàn thành",
  "previewText": "Xem lại",
  "editText": "Chỉnh sửa",
  "startSurveyText": "Bắt Đầu",
  "otherItemText": "Khác ( hãy mô tả/ hãy nêu chi tiết câu trả lời )",
  "noneItemText": "Không cái nào",
  "selectAllItemText": "Tất cả",
  "progressText": "Trang {0} của {1}",
  "panelDynamicProgressText": "Ghi lại {0} của {1}",
  "questionsProgressText": "Trả lời {0}/{1} câu hỏi",
  "emptySurvey": "Không có trang hoặc câu hỏi được hiển thị trong cuộc khảo sát.",
  "completingSurvey": "Cảm ơn vì đã hoàn thành khảo sát",
  "completingSurveyBefore": "Hồ sơ của chúng tôi cho thấy rằng bạn đã hoàn tất khảo sát này",
  "loadingSurvey": "Đang tải khảo sát...",
  "optionsCaption": "Chọn…",
  "value": "Giá trị",
  "requiredError": "Vui lòng trả lời câu hỏi.",
  "requiredErrorInPanel": "Vui lòng trả lời ít nhất 1 câu hỏi.",
  "requiredInAllRowsError": "Vui lòng trả lời câu hỏi trong tất cả các hàng.",
  "numericError": "Gía trị điền vào phải là số.",
  "textMinLength": "Vui lòng điền ít nhất {0} ký tự",
  "textMaxLength": "Vui lòng điền ít hơn {0} ký tự",
  "textMinMaxLength": "Vui lòng điền hơn {0} ký tự và ít nhất là 1 ký tự.",
  "minRowCountError": "Vui lòng điền ít nhất {0} hàng.",
  "minSelectError": "Vui lòng điền ít nhất {0} biến",
  "maxSelectError": "Vui lòng điền không quá {0} biến",
  "numericMinMax": "'{0}' phải bằng hoặc hơn {1} và phải bằng hoặc nhỏ/ ít hơn {2}",
  "numericMin": "'{0}' phải bằng hoặc hợ 1",
  "numericMax": "'{0}' phải bằng hoặc bé hơn 1",
  "invalidEmail": "Vui lòng điền một địa chỉ email hợp lệ.",
  "invalidExpression": "Biển thức : {0} phải trả về 'đúng'",
  "urlRequestError": "Yêu cầu trả về lỗi '{0}'. {1}",
  "urlGetChoicesError": "yêu cầu trả về dữ liệu trống hoặc thuộc tính đường dẫn không chính xác",
  "exceedMaxSize": "Kích thước của tệp không được vượt quá {0}.",
  "otherRequiredError": "Vui lòng nhập giá trị khác.",
  "uploadingFile": "Your file is uploading. Please wait several seconds and try again.",
  "loadingFile": "Đang tải...",
  "chooseFile": "Chọn file(s)...",
  "noFileChosen": "Không file nào được chọn",
  "confirmDelete": "Bạn có chắc muốn xóa hồ sơ/ bản khảo sát/ này?",
  "keyDuplicationError": "Gía trị này phải là duy nhất.",
  "addColumn": "Thêm cột",
  "addRow": "Thêm hàng",
  "removeRow": "Xóa",
  "addPanel": "Thêm mới",
  "removePanel": "Xóa",
  "choices_Item": "Chọn mục",
  "matrix_column": "Cột",
  "matrix_row": "Hàng",
  "savingData": "Kết quả đang được lưu trên máy chủ...",
  "savingDataError": "Có lỗi xảy ra và không thể lưu được kết quả.",
  "savingDataSuccess": "Kết quả đã được lưu thành công!",
  "saveAgainButton": "Thử lại thêm lần nữa",
  "timerMin": "Nhỏ nhất",
  "timerSec": "Giây",
  "timerSpentAll": "Bạn đã dành {0} ở trang này và tổng cộng {1}",
  "timerSpentPage": "Bạn đã dành {0} ở trang này",
  "timerSpentSurvey": "Bạn đã dành tổng cộng {0}.",
  "timerLimitAll": "Bạn đã dành {0} của {1} trên trang này và {2} của {3} trong tổng số.",
  "timerLimitPage": "Bạn đã dành {0} của {1} trên trang này",
  "timerLimitSurvey": "Bạn dã dành {0} của {1} trên tổng số",
  "cleanCaption": "Xóa",
  "clearCaption": "Xóa",
  "chooseFileCaption": "Chọn file",
  "removeFileCaption": "Xóa file",
  "booleanCheckedLabel": "Đồng ý",
  "booleanUncheckedLabel": "Không đồng ý",
  "confirmRemoveFile": "Bạn có chắc chắn rằng muốn xóa file này?",
  "confirmRemoveAllFiles": "Bạn có chắc chắn rằng muốn xóa tất cả các file này?",
  "questionTitlePatternText": "Tiêu đề câu hỏi",
  "modalCancelButtonText": "Hủy bỏ",
  "modalApplyButtonText": "Nộp/Gửi",
  "selectType": "Chọn loại khảo sát",
  "placeholder": "Vui lòng chọn...",
  "formSettingTitle": "Thiết lập",
  "executor": "Người thực hiện",
  "contractType": "Loại hợp đồng",
  "department": "Phòng ban",
  "payGrade": "Ngạch lương",
  "inactive": "Vô hiệu",
  "completedSurvey": "Bạn đã hoàn thành khảo sát.",
  "indexText": "{0} của {1}",
  "panelDynamicTabTextFormat": "Bảng điều khiển {panelIndex}",
  "ratingOptionsCaption": "Lựa...",
  "minError": "Giá trị không được nhỏ hơn {0}",
  "maxError": "Giá trị không được lớn hơn {0}",
  "filePlaceholder": "Kéo và thả tệp vào đây hoặc nhấp vào nút bên dưới và chọn tệp để tải lên.",
  "emptyRowsText": "Không có hàng.",
  "multipletextItem": "",
  "multipletext_itemname": "Nhắn tin",
  "signaturePlaceHolder": "Ký tên tại đây",
  "takePhotoCaption": "Chụp ảnh",
  "photoPlaceholder": "Nhấp vào nút bên dưới để chụp ảnh bằng máy ảnh.",
  "fileOrPhotoPlaceholder": "Kéo và thả hoặc chọn tệp để tải lên hoặc chụp ảnh bằng máy ảnh.",
  "replaceFileCaption": "Thay thế tập tin",
  "filterStringPlaceholder": "Nhập để tìm kiếm...",
  "emptyMessage": "Không có dữ liệu để hiển thị",
  "noEntriesText": "Chưa có mục nào.\nNhấp vào nút bên dưới để thêm mục nhập mới.",
  "noEntriesReadonlyText": "Không có mục.",
  "more": "Nhiều hơn",
  "tagboxDoneButtonCaption": "OK",
  "selectToRankEmptyRankedAreaText": "Tất cả các lựa chọn được xếp hạng",
  "selectToRankEmptyUnrankedAreaText": "Kéo và thả các lựa chọn vào đây để xếp hạng chúng",
  "item": "Lựa chọn",
  "ed": {
    "addNewPage": "Thêm trang mới",
    "bold": "Bold",
    "chooseElement": "Chọn phần tử",
    "copy": "Sao chép",
    "copyTooltip": "Sao chép lựa chọn vào bộ nhớ tạm",
    "correctJSON": "JSON không đúng, vui lòng sửa lại",
    "cut": "Cắt",
    "cutTooltip": "Cắt lựa chọn vào bộ nhớ tạm",
    "defaultLocale": "Mặc định",
    "deletePage": "Xóa page",
    "designer": "Thiết kế",
    "edit": "Chỉnh sửa",
    "editPage": "Chỉnh sửa trang",
    "embedSurvey": "Nhúng vào khảo sát",
    "fpAddQuestion": "Thêm câu hỏi",
    "generateReadableJSON": "Tạo JSON để có thể đọc được",
    "generateValidJSON": "Tạo JSON hợp lệ",
    "hidePanel": "Ẩn bảng điều khiển",
    "italic": "In nghiêng",
    "jsonEditor": "Trình chỉnh sửa JSON",
    "lg": {
      "addNewItem": "age visibilitanel visibilitanel enable/disabluestion visibility"
    },
    "logic": "Khảo sát Logic",
    "modified": "Đã sửa đổi",
    "moveLeft": "Cuộn sang trái",
    "moveRight": "Cuộn sang phải",
    "navigateToMsg": "Bạn phải điều hướng đến: ",
    "newPageName": "Trang",
    "newPanelName": "Thanh điều khiển",
    "newQuestionName": "câu hỏi",
    "newTextItemName": "văn bản",
    "options": "Tùy chọn",
    "paste": "Dán",
    "pasteTooltip": "Dán từ thẻ nhớ tạm",
    "property-grid": "Thuộc tính",
    "propertyEditorError": "Lỗi: ",
    "redo": "Làm lại",
    "redoTooltip": "Làm lại thay đổi",
    "resultsDisplayValue": "Hiển thị giá trị",
    "resultsName": "Tên câu hỏi",
    "resultsTitle": "Tiêu đề câu hỏi",
    "resultsValue": "Trả lời giá trị",
    "saveError": "Lỗi! Nội dung chỉnh sửa không được lưu",
    "saveSurvey": "Lưu",
    "saveSurveyTooltip": "Lưu khảo sát",
    "saved": "Đã lưu",
    "saving": "Đang lưu",
    "selectPage": "Chọn trang",
    "settings": "Cài đặt",
    "settingsTooltip": "Mở thiết lập khảo sát",
    "showPanel": "Hiện thanh điều khiển",
    "survey": "Khảo sát",
    "surveySettings": "Cài đặt khảo sát",
    "surveySettingsTooltip": "Mở cài đặt khảo sát",
    "surveyResults": "Kết quả khảo sát: ",
    "surveyResultsJson": "Như JSON",
    "surveyResultsTable": "Như bản",
    "testSurvey": "Kiểm tra",
    "testSurveyAgain": "Kiểm tra khảo sát lại một lần nữa",
    "testSurveyWidth": "Chiều rộng bản khảo sát",
    "toolbox": "Công cụ",
    "toolboxGeneralCategory": "Tổng quát / chung",
    "translation": "Dịch",
    "translationAddLanguage": "Chọn ngôn ngữ",
    "translationExportToSCVButton": " Xuất đến CSV",
    "translationImportFromSCVButton": "Nhập từ CSV",
    "translationMergeLocaleWithDefault": "",
    "translationNoStrings": "Không có chuỗi để dịch. Vui lòng thay đổi bộ lọc.",
    "translationShowAllPages": "Hiển thị tất cả các trang",
    "translationShowAllStrings": "Hiển thị tất cả chuỗi",
    "underline": "gạch dưới",
    "undo": "Quay lại",
    "undoTooltip": "Quay lại thay đổi mới nhất",
    "addNewQuestion": "Thêm câu hỏi",
    "surveyTypeName": "Đánh giá",
    "panelTypeName": "Bảng điều khiển",
    "questionTypeName": "Câu hỏi",
    "columnTypeName": "Cột",
    "propertyGridFilteredTextPlaceholder": "Nhập để tìm kiếm...",
    "panelPlaceHolder": "Thả một câu hỏi từ hộp công cụ ở đây.",
    "surveyPlaceHolder": "Cuộc khảo sát trống. Kéo một phần tử từ hộp công cụ hoặc nhấp vào nút bên dưới.",
    "imagePlaceHolder": "Thả một hình ảnh ở đây hoặc nhấp vào nút bên dưới để tải hình ảnh.",
    "imageChooseImage": "Chọn ảnh",
    "addNewTypeQuestion": "Thêm {0}"
  },
  "ew": {
    "angular": "Sử dụng Angular version",
    "bootstrap": "Cho bootstrap framework",
    "darkblue": "Chủ đề Darkblue",
    "darkrose": "Chủ đề Darkrose",
    "default": "Chủ đề mặc định",
    "jquery": "Sử dụng JQuery version",
    "knockout": "Sử dụng Knockout version",
    "loadFromServer": "Tải Survey JSON từ máy chủ",
    "modern": "Theme Modern",
    "orange": "Theme Orange",
    "react": "Sử dụng phiên bản React",
    "showInWindow": "Hiển thị khảo sát trên cửa sổ",
    "showOnPage": "Hiển thị khảo sát trên trang",
    "stone": "Theme Stone",
    "titleHtml": "HTML",
    "titleJavaScript": "JavaScript",
    "titleScript": "Scripts and styles",
    "vue": "Use Vue version",
    "winter": "Winter theme",
    "winterstone": "Winter-Stone theme"
  },
  "op": {
    "allof": "tất cả",
    "and": "và",
    "anyof": "bất kì",
    "contains": "chứa",
    "empty": "để trống",
    "equal": "bằng",
    "greater": "lớn hơn",
    "greaterorequal": "lớn hơn hoặc bằng",
    "less": "nhỏ hơn",
    "lessorequal": "nhỏ hơn hoặc bằng",
    "notcontains": "không chứa",
    "notempty": "không để trống",
    "notequal": "không bằng",
    "or": "hoặc"
  },
  "pe": {
    "aceEditorHelp": "Press ctrl+space to get expression completion hint",
    "aceEditorPanelTitle": "Panel hiện tại",
    "aceEditorRowTitle": "Dòng hiện tại",
    "add": "Thêm",
    "addCondition": "Thêm điều kiện",
    "addItem": "Nhấn để thêm một item",
    "addLogo": "Thêm logo...",
    "addNew": "Thêm mới",
    "addNone": "None",
    "addOther": "Khác",
    "addRowLocation": "Vị trí nút thêm dòng",
    "addRowText": "Tiêu đề nút thêm dòng",
    "addSelectAll": "Chọn tất cả",
    "allowAddPanel": "Cho phép thêm một Panel",
    "allowDigits": "Cho phép số thập phân",
    "allowRemovePanel": "Cho phép xóa Panel",
    "and": "Và",
    "apply": "Áp dụng",
    "assistantTitle": "Câu hỏi sẵn",
    "autocomplete": "Kiểu tự động bổ sung",
    "back": "Quay về mà không lưu",
    "backTooltip": "Quay về mà không lưu",
    "buildExpression": "Dựng",
    "cancel": "Hủy bỏ",
    "cellType": "Loại ô",
    "cellsDefaultRow": "Văn bản mặc định của các ô",
    "cellsEmptyRowsColumns": "Phải có ít nhất 1 cột hoặc 1 hàng",
    "changeLogo": "Thay đổi logo",
    "choicesMax": "Gía trị tối đa chp các mục được tạo tự động",
    "choicesMin": "Gía trị tối thiểu chp các mục được tạo tự động",
    "choicesOrder": "Thứ tự lựa chọn",
    "choicesStep": "Sự khác biệt giữa các mục được chọn tự động",
    "clearInvisibleValues": "Xóa bỏ các dữ liệu trống",
    "colCount": "Đếm cột",
    "cols": "Đếm cột",
    "columnEdit": "Chỉnh sửa cột:{0}",
    "columnLayout": "Bố cục các cột",
    "completeText": "Tên nút Hoàn Tất",
    "conditionActionEmpty": "Vui lòng chọn hành động",
    "conditionSelectPage": "Chọn trang",
    "conditionSelectPanel": "Chọn bản",
    "conditionSelectQuestion": "Chọn câu hỏi",
    "conditionValueQuestionTitle": "Vui lòng nhập/ chọn giá trị",
    "cookieName": "Tên Cookie (để tắt chạy khảo sát 2 lần trên máy tính)",
    "createtrigger": "Vui lòng tạo 1 trình kích hoạt",
    "defaultValue": "Giá trị mặc định",
    "delete": "Xóa",
    "descriptionPlaceholder": "Nhập mô tả",
    "edit": "Sửa",
    "editChoices": "Sửa lựa chọn",
    "editExpression": "Sửa",
    "editProperty": "Sửa thuộc tính ‘{0}’",
    "editText": "Tên nút ‘Sửa’",
    "empty": "Trống",
    "enterNewValue": "Vui lòng nhập giá trị",
    "expandCollapseTitle": "Mở rộng, thu gọn tiêu đề",
    "expression": "Cách diễn tả",
    "expressionHelp": "Sử dụng dấu ngoặc nhọn để truy cập câu trả lời: {question1} + {question2}, ({price}*{quantity}) * (100 - {discount}). Các biểu thức cũng hỗ trợ các hàm: iif(), today(), age(), min(), max(), count(), avg() và các hàm khác.",
    "expressionIsEmpty": "Biểu thức trống",
    "fastEntry": "Fast Entry",
    "firstPageIsStarted": "Trang đầu tiên trong khảo sát là trang bắt đầu",
    "focusFirstQuestionAutomatic": "Tập trung câu hỏi đầu tiên vào việc thay đổi trang",
    "formEntry": "Nhập Biểu Mẫu",
    "goNextPageAutomatic": "Khi trả lời tất cả các câu hỏi, hãy chuyển đến trang tiếp theo 1 cách tự động",
    "hasNone": "Không có item",
    "hasOther": "Có item khác",
    "hasSelectAll": "Đã chọn tất cả item",
    "html": "Html",
    "imageHeight": "Chiều cao ảnh",
    "imageLink": "Đường dẫn ảnh",
    "imageWidth": "Chiều rộng ảnh",
    "inputType": "Nhập loại",
    "isAllRowRequired": "Bắt buộc trả lời cho tất cả dòng",
    "isRequired": "Bắt buộc?",
    "isSinglePage": "Hiển thị tất cả phần tử trên một trang",
    "itemEdit": "Sửa item: {0}",
    "itemSelectorEmpty": "Vui lòng chọn phần tử",
    "items": "[ Items: {0} ]",
    "keyboardAdornerTip": "Nhấn enter để sửa item, nhấn delete để xóa item, nhấn alt + mũi tên lên hoặc mũi tên xuống để di chuyển item",
    "landscapeOrientation": "Nằm Ngang",
    "listIsEmpty": "Thêm một item mới",
    "locale": "Ngôn ngữ mặc định",
    "logoPosition": "Vị trí logo",
    "logoPositions": "Vị trí logo",
    "bottom": "Bên dưới",
    "left": "Trái",
    "none": "Xóa logo",
    "right": "Phải",
    "top": "Bên trên",
    "maxCount": "Đếm tối đa",
    "maxLength": "Độ dài tối đa",
    "maxRateDescription": "Mô tả đánh giá tối đa",
    "maxSize": "Kích thước bytes tối đa",
    "maxTimeToFinish": "Thời gian tối đa để hoàn thành khảo sat",
    "maxTimeToFinishPage": "Thời gian tối đa để kết thúc page thành khảo sat",
    "maxValue": "Giá trị tối đa",
    "minCount": "Gía trị tối thiểu",
    "minLength": "Độ dài tối thiểu",
    "minRateDescription": "Tỉ lệ tối đa mô tả",
    "minValue": "Gía trị tối thiểu",
    "mode": "Chế độ (sửa/chỉ đọc)",
    "move": "Xóa",
    "name": "Tên",
    "noFile": "Chưa có file được chọn",
    "noneText": "None item text",
    "noquestions": "Không có câu hỏi nào trong khảo sát",
    "ok": "Đồng ý",
    "optionsCaption": "Tùy chỉnh chú thích",
    "or": "Hoặc",
    "otherText": "Tên item khác",
    "pageDescriptionPlaceholder": "Nhập mô tả trang",
    "pageNextText": "Tên nút 'Trang tiếp'",
    "pagePrevText": "Tên nút 'Trang trước'",
    "pageTitlePlaceholder": "Nhập tiêu đề trang",
    "panelAddText": "Thêm text panel",
    "panelRemoveText": "Xóa text panel",
    "path": "Đường dẫn",
    "placeholder": "Mẫu dữ liệu đầu vào",
    "previewText": "Xem trước nút văn bản",
    "propertyIsEmpty": "Vui lòng nhập giá trị",
    "propertyIsNoUnique": "Vui lòng nhập giá trị không trùng",
    "propertyNameIsNotUnique": "Vui lòng nhập tên không trùng",
    "qEditorTitle": "Sửa: {0}",
    "questionErrorLocation": "Vị trí câu hỏi lỗi",
    "questionStartIndex": "Câu hỏi phải bắt đầu(1 , 2 hoặc 'A', 'a')",
    "questionTitleLocation": "Vị trí tiêu đề câu hỏi",
    "questionTitleTemplate": "Question title template, default is: '{no}. {require} {title}'",
    "questionsOrder": "Sắp xếp phần tử trên trang",
    "rateMax": "Tỉ lệ tối đa",
    "rateMin": "Tỉ lệ tối thiểu",
    "rateStep": "Bước tỉ lệ",
    "refresh": "Làm mới",
    "regex": "Regular expression",
    "remove": "Xóa",
    "removeAll": "Xóa tất cả",
    "removeRowText": "Tên nút xóa dòng",
    "renderMode": "Chế độ kết xuất",
    "requiredErrorText": "Văn bản lỗi của mục bắt buộc",
    "requiredText": "Ký hiệu của câu hỏi bắt buộc (ví dụ: *)",
    "reset": "Làm mới",
    "rowCount": "Row count",
    "rowid": "Row ID",
    "rows": "Row count",
    "save": "Save",
    "saveAndBack": "Lưu và quay lại",
    "saveAndBackTooltip": "Lưu và quay lại",
    "saveTooltip": "Lưu",
    "selectAllText": "Select all item text",
    "sendResultOnPageNext": "Gửi kết quả khảo sát ở trang tiếp theo",
    "showChoices": "Hiển thị lựa chọn",
    "showCompletedPage": "Hiển thị trang hoàn thành khảo sát (completedHtml)",
    "showMore": "For more details please check the documentation",
    "showNavigationButtons": "Vị trí nút điều hướng",
    "showPageNumbers": "Hiển thị số trang",
    "showPageTitles": "Hiển thị tiêu đề trang",
    "showPrevButton": "Hiển thị nút quay lại (người dùng có thể quay lại trang trước)",
    "showPreview": "Hiển thị vùng xem trước",
    "showProgressBar": "Hiển thị thanh tiến trình",
    "showQuestionNumbers": "Hiển thị số câu hỏi",
    "showTimerPanel": "Hiển thị hẹn giờ panel",
    "showTimerPanelMode": "Hiển thị hẹn giờ chế độ panel",
    "showTitle": "Hiển thị/ ẩn với tiêu đề",
    "simulator": "Chọn thiết bị",
    "startSurveyText": "Tên nút bắt đầu",
    "startWithNewLine": "Bắt đầu với dòng mới",
    "storeDataAsText": "Lưu trữ nội dung file trong kết quả JSON bằng văn bản",
    "storeOthersAsComment": "Lưu giá trị 'khác' vào trường riêng",
    "surveyDescriptionPlaceholder": "Nhập mô tả khảo sát",
    "surveyEditorTitle": "Chỉnh sửa cài đặt khảo sát",
    "surveyTitlePlaceholder": "Nhập tiêu đề khảo sát",
    "tabs": {
      "calculatedValues": "Tính giá trị",
      "cells": "Ô",
      "choices": "Chọn",
      "choicesByUrl": "Chọn từ Web",
      "columns": "Cột",
      "completedHtml": "Html đã hoàn thành",
      "completedHtmlOnCondition": "Completed Html on Condition",
      "data": "Dữ liệu",
      "enableIf": "Bật nếu",
      "fileOptions": "Tùy chỉnh",
      "general": "Chung",
      "html": "HTML Editor",
      "items": "Items",
      "layout": "Bố cục",
      "loadingHtml": "Đang tải HTML",
      "logic": "Logic",
      "logo": "Logo trên tiêu đề khảo sát",
      "matrixChoices": "Mặc định chọn",
      "multipleTextItems": "Text Inputs",
      "navigation": "Điều hướng",
      "numbering": "Đánh số",
      "others": "Khác",
      "pages": "Trang",
      "question": "Câu hỏi",
      "rateValues": "Rate Values",
      "requiredIf": "Bắt buộc nếu",
      "rows": "Dòng",
      "showOnCompleted": "Hiển thị Hoàn Thành",
      "slider": "Slider",
      "templateTitle": "Tiêu đề Template",
      "timer": "Thời gian chờ/Trắc nghiệm",
      "totals": "Tổng",
      "triggers": "Triggers",
      "validation": "Xác thực",
      "validators": "Bộ xác thực",
      "visibleIf": "Hiển thị nếu"
    },
    "testService": "Test the service",
    "text": "Văn bản",
    "title": "Tiêu đề",
    "description": "Mô tả",
    "logoHeight": "Chiều cao logo",
    "logoWidth": "Chiều rộng logo",
    "readOnly": "Chỉ đọc",
    "showCommentArea": "Hiển thị vùng bình luận",
    "questionDescriptionLocation": "Vị trí mô tả câu hỏi",
    "titleKeyboardAdornerTip": "Nhấn enter để chỉnh sửa",
    "titleName": "Tên tiêu đề",
    "titlePlaceholder": "Đặt tiêu đề",
    "totalCurrency": "Tổng tiền",
    "totalDisplayStyle": "Tổng số kiểu hiển thị",
    "totalExpression": "Tổng số biểu thức",
    "totalFormat": "Tổng định dạng",
    "totalText": "Tổng văn bản",
    "totalType": "Tổng các loại",
    "triggerCompleteText": "Complete the survey if succeed.",
    "triggerFromName": "Sao chép dữ liệu từ: ",
    "triggerGotoName": "Đi đến câu hỏi: ",
    "triggerIsVariable": "Không đưa biến vào kết quả khảo sát.",
    "triggerMakePagesVisible": "Hiển thị các trang: ",
    "triggerMakeQuestionsVisible": "Hiển thị các phần tử: ",
    "triggerNotSet": "Trình kích hoạt chưa được đặt",
    "triggerOn": "On",
    "triggerRunExpression": "Chạy biểu thức này:",
    "triggerRunExpressionEmpty": "Vui lòng nhập biểu thức hợp lệ",
    "triggerRunIf": "Chạy nếu",
    "triggerSetToName": "thay đổi giá trị của: ",
    "triggerSetValue": "đến: ",
    "url": "URL",
    "value": "Giá trị",
    "valueName": "Tên giá trị",
    "visible": "Hiển thị",
    "showOtherItem": "Cho phép chọn tùy chọn khác",
    "showNoneItem": "Cho phép tùy chọn là None",
    "showSelectAllItem": "Cho phép tùy chọn tất cả",
    "widthMode": "Chế độ chiều rộng",
    "minWidth": "Chiều rộng tối thiểu (trong các giá trị được CSS chấp nhận)",
    "maxWidth": "Chiều rộng tối đa (trong các giá trị được CSS chấp nhận)",
    "width": "Chiều rộng (trong các giá trị được CSS chấp nhận)",
    "showPreviewBeforeComplete": "Xem trước câu trả lời trước khi gửi khảo sát",
    "focusOnFirstError": "Đặt tiêu điểm vào câu trả lời không hợp lệ đầu tiên",
    "questionsOnPageMode": "Cấu trúc khảo sát",
    "maxTextLength": "Độ dài tối đa của câu trả lời (ký tự)",
    "maxOthersLength": "Độ dài tối đa của bình luận (ký tự)",
    "autoGrowComment": "Tự động mở rộng khu vực bình luận nếu cần thiết",
    "allowResizeComment": "Cho phép người dùng tùy chỉnh kích thước ô văn bản",
    "includeIntoResult": "Đưa vào kết quả khảo sát",
    "setToName": "Câu hỏi mục tiêu",
    "textUpdateMode": "Cập nhật giá trị câu hỏi khi nhập",
    "checkErrorsMode": "Chạy validation",
    "completedHtml": "Đánh dấu trang hoàn thành khảo sát (completedHtml)",
    "completedHtmlOnCondition": "Khảo sát động hoàn thành đánh dấu trang",
    "navigateToUrlOnCondition": "URL động",
    "loadingHtml": "Đánh dấu để hiển thị khi mô hình khảo sát đang tải",
    "completedBeforeHtml": "Đánh dấu để hiển thị nếu người dùng đã điền vào bản khảo sát này"
  },
  "pv": {
    "all": "Tất cả",
    "asc": "tăng dần",
    "both": "Cả hai",
    "bottom": "Bên dưới",
    "collapsed": "Collapsed",
    "color": "Màu sắc",
    "currency": "đơn vị",
    "date": "ngày",
    "datetime": "ngày giờ",
    "datetime-local": "ngày giờ máy",
    "decimal": "số thập phân",
    "default": "mặc định",
    "desc": "giảm dần",
    "display": "Hiển thị",
    "edit": "Chỉnh sửa",
    "email": "email",
    "expanded": "Mở rộng",
    "false": "Thất bại",
    "firstExpanded": "firstExpanded",
    "hidden": "ẩn",
    "hide": "ẩn",
    "horizontal": "nằm ngang",
    "indeterminate": "không xác định",
    "inherit": "kế thừa",
    "initial": "khởi tạo",
    "left": "Trái",
    "right": "Phải",
    "list": "Danh sách",
    "month": "Tháng",
    "noPreview": "Không xem lại",
    "none": "None",
    "number": "Số",
    "off": "Tắt",
    "on": "Mở",
    "onComplete": "Khi khảo sát được hoàn thành",
    "onHidden": "Khi câu hỏi bị ẩn",
    "onNextPage": "Khi chuyển sang trang tiếp theo",
    "onPage": "Bắt đầu trên mỗi trang",
    "onPanel": "Bắt đầu trên mỗi bảng",
    "onSurvey": "Tiếp tục trong suốt cuộc khảo sát",
    "onValueChanged": "Sau khi một câu trả lời được thay đổi",
    "onValueChanging": "Trước khi một câu trả lời được thay đổi",
    "page": "Trang",
    "password": "Mật khẩu",
    "percent": "Phần trăm",
    "progressBottom": "Trình điều hướng bảng điều khiển + Thanh tiến trình ở dưới cùng",
    "progressTop": "Trình điều hướng bảng điều khiển + Thanh tiến trình ở trên cùng",
    "progressTopBottom": "Trình điều hướng bảng điều khiển + Thanh tiến trình ở trên cùng và dưới cùng",
    "questionPerPage": "câu hỏi mỗi trang",
    "random": "ngẫu nhiên",
    "range": "phạm vi",
    "show": "Hiển thị",
    "showAllQuestions": "hiển thị xem trước với tất cả câu hỏi",
    "showAnsweredQuestions": "hiển thị xem trước với câu hỏi đã được trả lời",
    "singlePage": "trang đơn",
    "standard": "tiêu chuẩn",
    "survey": "khảo sát",
    "tel": "điện thoại",
    "text": " văn bản",
    "time": "thời gian",
    "top": "Bên trên",
    "topBottom": "trên và dưới",
    "true": "đúng",
    "url": "url",
    "vertical": "dọc",
    "week": "tuần",
    "widthMode": {
      "auto": "Tự động",
      "static": "Tĩnh",
      "responsive": "Linh hoạt"
    },
    "tocLocation": "Vị trí TOC",
    "progressBarType": "Loại thanh tiến trình",
    "pages": "Các trang đã hoàn thành",
    "questions": "Các câu hỏi đã trả lời",
    "requiredQuestions": "Các câu hỏi bắt buộc đã trả lời",
    "correctQuestions": "Các câu trả lời hợp lệ",
    "buttons": "Các trang đã hoàn thành (button UI)",
    "underInput": "Dưới ô Input",
    "underTitle": "Dưới tiêu đề",
    "onBlur": "Bật mờ",
    "onTyping": "Đang gõ"
  },
  "qt": {
    "boolean": "Có/Không",
    "checkbox": "Ô chọn",
    "comment": "Bình luận",
    "default": "Mặc định",
    "dropdown": "Danh sách thả xuống",
    "expression": "Biểu thức (chỉ đọc)",
    "file": "Tập tin",
    "flowpanel": "Flow Panel",
    "html": "HTML",
    "image": "Hình ảnh",
    "imagepicker": "Bộ chọn hình ảnh",
    "matrix": "Ma trận (Chọn một)",
    "matrixdropdown": "Ma trận (Chọn nhiều)",
    "matrixdynamic": "Ma trận (Dòng động)",
    "multipletext": "Văn bản nhiều dòng",
    "panel": "Bảng điều khiển",
    "paneldynamic": "Bảng điều khiển (động)",
    "radiogroup": "Nhóm nút chọn",
    "rating": "Đánh giá",
    "signaturepad": "Bảng chữ ký",
    "text": "Ô nhập liệu đơn",
    "ranking": "Xếp hạng",
    "tagbox": "Chọn lựa nhiều thả xuống",
    "nouislider": "Thanh trượt"
  },
  "survey": {
    "addLogicItem": "Tạo quy tắc để điều chỉnh",
    "addToToolbox": "Thêm vào hộp công cụ",
    "convertTo": "Chuyển đổi sang",
    "copy": "Sao chép",
    "deletePanel": "Xóa bảng điều khiển",
    "deleteQuestion": "Xóa câu hỏi",
    "drag": "Thả phần tử",
    "dropQuestion": "Vui lòng đặt câu hỏi tại đây từ thanh công cụ",
    "duplicate": "Bản sao",
    "edit": "Chỉnh sửa",
    "externalHelpLink": "Xem và học cách tạo khảo sát",
    "externalHelpLinkUrl": "https://www.youtube.com/channel/UCH2ru9okIcooNZfpIbyq4qQ?view_as=subscriber"
  },
  "triggers": {
    "completetrigger": "Hoàn thành khảo sát",
    "copyvaluetrigger": "Sao chép giá trị",
    "runexpressiontrigger": "Chạy biểu thức",
    "setvaluetrigger": "đặt giá trị",
    "skiptrigger": "bỏ qua đến câu hỏi",
    "visibletrigger": "thay đổi hiển thị (không được dùng)"
  },
  "ts": {
    "selectPage": "Chọn trang để kiểm tra",
    "showInvisibleElements": "Hiển thị các phần tử ẩn"
  },
  "validators": {
    "answercountvalidator": "số câu trả lời",
    "emailvalidator": "e-mail",
    "expressionvalidator": "biểu thức",
    "numericvalidator": "số",
    "regexvalidator": "regex",
    "textvalidator": "Văn bản"
  },
  "p": {
    "progressBarType": "Loại thanh tiến trình",
    "showTOC": "Hiện TOC",
    "tocLocation": "Vị trí TOC",
    "logoFit": "Điều chỉnh Logo",
    "questionTitlePattern": "Mẫu Tiêu đề câu hỏi",
    "pages": "Trang",
    "calculatedValues": "Tính giá trị",
    "runExpression": "Chạy biểu thức",
    "validators": "Bộ xác thực"
  }
}
