{
  "SAL_PITFINALIZATIONDELEGATEE": [
    {
      "type": "E_STATUS",
      "translateKey": "detailedDrawer.Status",
      "order": 1,
      "hidden": false,
      "config": null
    },
    {
      "type": "E_EMP_INFORMATION",
      "translateKey": "detailedDrawer.Employee",
      "order": 2,
      "hidden": false,
      "config": null
    },
    {
      "type": "E_DETAILS_VIEW",
      "translateKey": "salary.authForTaxFinalization.detailInheritanceInformation",
      "order": 3,
      "hidden": false,
      "config": [
        {
          "title": "Thông tin quyết toán thuế TNCN",
          "translateKey": "salary.authForTaxFinalization.PITFinalizationInformation",
          "subTitle": "",
          "icon": "assets/icon/drawer-detailed/default-info.svg",
          "fieldName": "listPit",
          "order": 1,
          "config": [
            {
              "id": "07e17db0-362a-4958-908-aae8dd7c782c",
              "fieldName": "Year",
              "displayName": "Năm quyết toán",
              "translateKey": "salary.PITFinalizationDelegatee.Year",
              "hidden": false,
              "order": 1,
              "value": null,
              "value_Old": null,
              "format": null,
              "type": null
            },
            {
              "id": "07e17db0-362a-4958-90c8-aae8d7c782c",
              "fieldName": "CodeTax",
              "displayName": "Mã số thuế",
              "translateKey": "salary.PITFinalizationDelegatee.CodeTax",
              "hidden": false,
              "order": 2,
              "type": null,
              "format": null,
              "value": null,
              "value_Old": null
            },
            {
              "id": "07e17db0362a-4958-90c8-aae8dd7c782c",
              "fieldName": "RegisterTypeView",
              "displayName": "Loại đăng ký",
              "translateKey": "salary.PITFinalizationDelegatee.RegisterTypeView",
              "hidden": false,
              "order": 3,
              "format": null,
              "type": null,
              "value": null,
              "value_Old": null
            },
            {
              "id": "07e17db0362a-4958-90c8-aae8dd7c782c",
              "fieldName": "IsTaxableIncome",
              "displayName": "(1) Chỉ có thu nhập chịu thuế tại một nơi",
              "translateKey": "salary.PITFinalizationDelegatee.IsTaxableIncome",
              "hidden": false,
              "order": 3,
              "format": null,
              "type": "Checkbox-Text",
              "value": null,
              "value_Old": null
            },
            {
              "id": "07e17db0362a-4958-90c8-aae8dd7c782c",
              "fieldName": "IsTransferCompany",
              "displayName": "(2) Tôi thuộc diện được điều chuyển từ Công ty/ đơn vị khác trong Tập đoàn",
              "translateKey": "salary.PITFinalizationDelegatee.IsTransferCompany",
              "hidden": false,
              "order": 3,
              "format": null,
              "type": "Checkbox-Text",
              "value": null,
              "value_Old": null
            },
            {
              "id": "07e17db0362a-4958-90c8-aae8dd7c782c",
              "fieldName": "IsTaxCurrentIncome",
              "displayName": "(3) Ngoài thu nhập chịu thuế tại Công ty, có thu nhâp vãng lai ở nơi khác (không quá 10 triệu đồng/tháng)",
              "translateKey": "salary.PITFinalizationDelegatee.IsTaxCurrentIncome",
              "hidden": false,
              "order": 3,
              "format": null,
              "type": "Checkbox-Text",
              "value": null,
              "value_Old": null
            },
            {
              "id": "07e17db0-362a-4958-90c8aae8dd7c782c",
              "fieldName": "DateConfirm",
              "displayName": "Ngày chấp nhận",
              "translateKey": "salary.PITFinalizationDelegatee.DateConfirm",
              "hidden": false,
              "order": 4,
              "format": "dd/MM/yyyy",
              "type": "DateTime",
              "value": null,
              "value_Old": null
            },
            {
              "id": "07e17db0-362a-4958-90c8-aae8dd7c78c",
              "fieldName": "UserConfirm",
              "displayName": "Người chấp nhận",
              "translateKey": "salary.PITFinalizationDelegatee.UserConfirm",
              "hidden": false,
              "order": 5,
              "type": null,
              "value": null,
              "value_Old": null
            },
            {
              "id": "07e17db0-362a-4958-90c8-aae8d7c782c",
              "fieldName": "Note",
              "displayName": "Ghi chú",
              "translateKey": "salary.PITFinalizationDelegatee.Note",
              "hidden": false,
              "order": 6,
              "type": null,
              "format": null,
              "value_Old": null,
              "value": null
            },
            {
              "id": "07e17b0-362a-4958-90c8-aae8dd7c782c",
              "fieldName": "FileAttachment",
              "displayName": "File",
              "translateKey": "salary.PITFinalizationDelegatee.FileAttachment",
              "hidden": false,
              "order": 999,
              "type": "File",
              "value": null,
              "value_Old": null
            }
          ]
        }
      ]
    },
    {
      "type": "E_PROCESS_APPROVED",
      "translateKey": "detailedDrawer.ApprovalProcess",
      "order": 4,
      "hidden": false,
      "config": null
    }
  ]
}
