[
  {
    "AnnunciatorName": null,
    "JobDescription": null,
    "Cellphone": "01268945",
    "key": "PRODUCT",
    "PositionID": null,
    "parent": "null",
    "name": "TỔNG GIÁM ĐỐC",
    "code": "Room",
    "boss": null,
    "imgpath": "assets/images/groupPosition.svg",
    "title": "PRODUCT DIRECTOR",
    "OrgStructureName": "",
    "category": "root",
    "conclude": "3/3 FTE",
    "total": 16,
    "itemArray": [
      {
        "AnnunciatorName": null,
        "boss": null,
        "Cellphone": "0000000",
        "code": "00039",
        "imgpath": "assets/images/anhthe/2.jpg",
        "JobDescription": null,
        "key": "SAL_0_1",
        "name": "TRẦN DUY TÙNG",
        "OrgStructureName": "",
        "parent": "SAL_0",
        "PositionID": null,
        "title": "PRODUCT OWNER"
      }
    ],
    "data": {
      "name": "Tổng giám đốc",
      "orgName": "Tổng giám đốc",
      "timeShift": "Toàn thời gian",
      "salary": "89.000 - 110.000",
      "timeWork": "Trên 12 năm",
      "description": "Ở vị trí cao nhất của doanh nghiệp, tổng giám đốc có vai trò quyết định đến tình hình của doanh nghiệp. Họ quản lý, giám sát bao quát toàn bộ các hoạt động của nhân viên, ban lãnh đạo các bộ phận, trực tiếp chỉ đạo và gặp mặt các đối tác quan trọng của doanh nghiệp",
      "responsibility": [
        "Xác định mục tiêu, hướng phát triển và sứ mệnh của công ty.",
        "Lập kế hoạch kinh doanh và định hướng chiến lược chung cho công ty.",
        "Điều hành toàn bộ hoạt động và chịu trách nhiệm cho doanh số, lợi nhuận, hướng phát triển và tăng trưởng của công ty."
      ],
      "capacity": {
        "background": "rgba(250, 173, 21, 0.48)",
        "label": [
          "Thiết kế và phát triễn tổ chức",
          "Giải quyết vấn đề",
          "Khả năng lãnh đạo",
          "Kỹ luật",
          "Quản lý và thu hút nhân tài"
        ],
        "series": [
          {
            "background": ["rgba(250, 219, 20, 0.48)", "rgba(250, 173, 21, 0.48)"],
            "type": "area",
            "name": "Năng lực",
            "data": [4, 4, 5, 5, 3]
          }
        ]
      },
      "waysWorking": [
        {
          "key": "A1",
          "title": "Tổng giám đốc",
          "parent": "null",
          "type": "head"
        },
        {
          "key": "A11",
          "title": "Hội đồng quản trị",
          "parent": "A1",
          "type": "main"
        },
        {
          "key": "A12",
          "title": "Phó phòng kiểm soát",
          "parent": "A1",
          "type": "child"
        },
        {
          "key": "A111",
          "title": "Đại hội cổ đông",
          "parent": "A11",
          "type": "child"
        },
        {
          "key": "A121",
          "title": "Trưởng phòng kiểm soát",
          "parent": "A12",
          "type": "child"
        }
      ],
      "Courses": [
        {
          "name": "Strategic HR Leadership",
          "type": "courses",
          "typeView": "Khóa học",
          "position": "Leader",
          "time": "3 tháng",
          "descript": "\"Vai trò nhiệt huyết của lãnh đạo là truyền cảm hứng, định hướng cho đội ngũ, và tạo động lực mạnh mẽ để đạt được mục tiêu chung. Nhiệt huyết của lãnh đạo giúp gắn kết các thành viên, thúc đẩy sự sáng tạo và vượt qua mọi thử thách khó khăn...”"
        },
        {
          "name": "Organizational Development",
          "type": "certificates",
          "typeView": "Chứng chỉ",
          "position": "Senior",
          "time": "14 ngày",
          "descript": "\"Sức mạnh của sự gắn kết nằm ở khả năng tạo ra môi trường đoàn kết, hợp tác và hỗ trợ lẫn nhau, giúp mọi người cùng phát triển và đạt được những mục tiêu lớn lao...”"
        }
      ]
    }
  },
  {
    "AnnunciatorName": null,
    "boss": null,
    "Cellphone": "0000000",
    "code": "00039",
    "imgpath": "assets/images/cog.svg",
    "JobDescription": null,
    "key": "PRODUCT_12",
    "name": "GIÁM ĐỐC TRUNG TÂM PHÁT TRIỂN SẢN PHẨM",
    "OrgStructureName": "",
    "parent": "PRODUCT",
    "PositionID": null,
    "category": "",
    "title": "PRODUCT DIRECTOR",
    "total": 3,
    "itemArray": [
      {
        "boss": null,
        "Cellphone": "0000000",
        "code": "00039",
        "imgpath": "assets/images/anhthe/3.jpg",
        "JobDescription": null,
        "key": "PRODUCT_1",
        "name": "Phạm Văn Hiển",
        "parent": "PRODUCT",
        "PositionID": null,
        "category": "",
        "total": 0,
        "orgName": "Phòng phát triển sản phẩm",
        "place": "Chi nhánh Hồ Chí Minh",
        "title": "Giám đốc trung tâm phát triển sản phẩm",
        "title2": "PRODUCT DIRECTOR",
        "title3": "Giám Đốc",
        "data": {
          "information": {
            "dayStartWork": "20/10/2020",
            "manager": {
              "name": "Phạm Văn Thế Hiển",
              "avatar": "avatar-hienphamvan.jpg"
            },
            "placeWork": "Văn phòng Hồ Chí Minh",
            "typecontract": "Không xác định thời hạn"
          },
          "capacity": {
            "label": [
              "Thiết kế và phát triễn tổ chức",
              "Giải quyết vấn đề",
              "Khả năng lãnh đạo",
              "Kỹ luật",
              "Quản lý và thu hút nhân tài"
            ],
            "series": [
              {
                "type": "area",
                "name": "Năng lực",
                "data": [4, 4, 5, 5, 3]
              },
              {
                "type": "area",
                "name": "Đánh giá",
                "data": [3, 3, 4, 3, 4]
              }
            ]
          },
          "workingProcess": [
            {
              "day": "12/01/2021",
              "title": "Công ty TNHH 1 thành viên",
              "bottom": "Phó phòng nhân sự"
            },
            {
              "day": "20/08/2022",
              "title": "Công ty TNHH Xuất nhập khẩu và Xây dựng Việt Nam Vinconex",
              "bottom": "Trưởng phòng kinh doanh"
            }
          ],
          "trainingProcess": [
            {
              "day": "12/01/2021",
              "title": "Nhân sự tổng hợp Lãnh Đạo Nhân Sự Chiến Lược Đối tác kinh doanh nhân sự 2.0",
              "bottom": "9.9 Xuất sắc"
            },
            {
              "day": "20/08/2023",
              "title": "Lãnh Đạo Nhân Sự Chiến Lược Cuối năm",
              "bottom": "8 Khá"
            }
          ],
          "evaluationProcess": [
            {
              "day": "14/02/2023",
              "title": "Đánh giá hồ sơ nhận việc",
              "bottom": "95/100"
            },
            {
              "day": "20/12/2023",
              "title": "Đánh giá KPI cuối năm",
              "bottom": "100/100"
            }
          ]
        }
      },
      {
        "boss": null,
        "Cellphone": "0000000",
        "code": "00039",
        "imgpath": "assets/images/anhthe/1.jpg",
        "JobDescription": null,
        "key": "PRODUCT_2",
        "name": "LÊ THỊ THANH BÌNH",
        "category": "",
        "parent": "PRODUCT_1",
        "PositionID": null,
        "title": "PRODUCT MANAGER",
        "total": 5
      }
    ],
    "data": {
      "name": "Trưởng phòng nhân sự",
      "orgName": "Phòng ban nhân sự",
      "timeShift": "Toàn thời gian",
      "salary": "89.000 - 110.000",
      "timeWork": "Trên 12 năm",
      "description": "Giám đốc trung tâm phát triển sản phẩm chịu trách nhiệm nghiên cứu, khai thác nhu cầu, thiết kế, phát triển, thử nghiệm và hoạch định chiến lược hiệu quả để quản lý và phát triển sản phẩm, dịch vụ hay phần mềm cho doanh nghiệp.",
      "responsibility": [
        "Phát triển và thực hiện các chiến lược, chính sách và chương trình nhân sự hỗ trợ các mục tiêu kinh doanh, tầm nhìn và giá trị của tổ chức.",
        "Làm việc với quản lý cấp cao để xác định các ưu tiên và cơ hội nhân sự, đồng thời phát triển và thực hiện các kế hoạch nhân sự hỗ trợ các mục tiêu của tổ chức.",
        "Cung cấp khả năng lãnh đạo và hỗ trợ cho nhóm nhân sự đồng thời thúc đẩy văn hóa học hỏi, phát triển và cải tiến liên tục."
      ],
      "capacity": {
        "label": [
          "Thiết kế và phát triễn tổ chức",
          "Giải quyết vấn đề",
          "Khả năng lãnh đạo",
          "Kỹ luật",
          "Quản lý và thu hút nhân tài"
        ],
        "series": [
          {
            "type": "area",
            "name": "Năng lực",
            "data": [4, 4, 5, 5, 3]
          }
        ]
      },
      "waysWorking": [
        {
          "key": "A1",
          "title": "Giám đốc trung tâm phát triển sản phẩm",
          "parent": "null",
          "type": "head"
        },
        {
          "key": "A11",
          "title": "Giám đốc phòng kiểm tra chất lượng sản phẩm",
          "parent": "A1",
          "type": "main"
        },
        {
          "key": "A12",
          "title": "Giám đốc phòng triển khai dự án",
          "parent": "A1",
          "type": "child"
        },
        {
          "key": "A13",
          "title": "Phó giám đốc điều hành",
          "parent": "A1",
          "type": "main"
        },
        {
          "key": "A111",
          "title": "Phó giám đốc điều hành",
          "parent": "A11",
          "type": "child"
        },
        {
          "key": "A121",
          "title": "Phó giám đốc điều hành",
          "parent": "A12",
          "type": "child"
        },
        {
          "key": "A131",
          "title": "Giám đốc điều hành",
          "parent": "A13",
          "type": "child"
        },
        {
          "key": "A1111",
          "title": "Giám đốc điều hành",
          "parent": "A111",
          "type": "main"
        },
        {
          "key": "A1311",
          "title": "Phó tổng giám đốc",
          "parent": "A131",
          "type": "main"
        }
      ],
      "Courses": [
        {
          "name": "Strategic HR Leadership",
          "type": "courses",
          "typeView": "Khóa học",
          "position": "Leader",
          "time": "3 tháng",
          "descript": "\"Trong sự nghiệp, không ngừng học hỏi và phấn đấu là chìa khóa dẫn đến thành công. Mỗi thử thách đều là cơ hội để vươn xa hơn.”"
        },
        {
          "name": "Organizational Development",
          "type": "certificates",
          "typeView": "Chứng chỉ",
          "position": "Senior",
          "time": "14 ngày",
          "descript": "\"Trong sự nghiệp, không ngừng học hỏi và phấn đấu là chìa khóa dẫn đến thành công. Mỗi thử thách đều là cơ hội để vươn xa hơn.”"
        }
      ]
    }
  },

  {
    "AnnunciatorName": null,
    "boss": null,
    "Cellphone": "0000000",
    "code": "00039",
    "imgpath": "assets/images/authority.svg",
    "JobDescription": null,
    "key": "PRODUCT_23",
    "name": "GIÁM ĐỐC PHÒNG CÔNG NGHỆ THÔNG TIN",
    "category": "",
    "OrgStructureName": "",
    "parent": "PRODUCT",
    "PositionID": null,
    "title": "PRODUCT MANAGER",
    "total": 0,
    "itemArray": [
      {
        "boss": null,
        "Cellphone": "0000000",
        "code": "00039",
        "imgpath": "assets/images/anhthe/5.jpg",
        "JobDescription": null,
        "key": "PRODUCT_7",
        "name": "HUỲNH BẢO TOÀN (CHUYÊN GIA)",
        "parent": "PRODUCT",
        "category": "",
        "PositionID": null,
        "title": "CỐ VẤN KỸ THUẬT CẤP CAO",
        "total": 8
      }
    ],
    "data": {
      "name": "Trưởng phòng nhân sự",
      "orgName": "Phòng ban nhân sự",
      "timeShift": "Toàn thời gian",
      "salary": "89.000 - 110.000",
      "timeWork": "Trên 12 năm",
      "description": "Quản lý việc thiết lập công nghệ thông tin truy cập dữ liệu và thống nhất các hệ thống. Bên cạnh giám sát sự hoạt động của phần mềm, phần cứng, dữ liệu cùng các thành viên khác thì CIO còn nghiên cứu về các công nghệ mới, cung cấp giá trị kinh doanh, đồng thời đưa ra các biện pháp giải quyết vấn đề thông tin kỹ thuật số cho tổ chức.",
      "responsibility": [
        "Tạo ra giá trị kinh doanh bằng cách áp dụng, triển khai công nghệ, thiết lập kế hoạch mục tiêu chiến lược phát triển doanh nghiệp trong tương lương",
        "Dảm bảo sự hoạt động suôn sẻ, tối ưu của hệ thống, quy trình công nghệ kỹ thuật.",
        "Hỗ trợ lãnh đạo trong việc xây dựng chiến lược, chính sách, kế hoạch ứng dụng IT, hướng dẫn quản lý kỹ thuật,...."
      ],
      "capacity": {
        "label": [
          "Thiết kế và phát triễn tổ chức",
          "Giải quyết vấn đề",
          "Khả năng lãnh đạo",
          "Kỹ luật",
          "Quản lý và thu hút nhân tài"
        ],
        "series": [
          {
            "type": "area",
            "name": "Năng lực",
            "data": [4, 4, 5, 5, 3]
          }
        ]
      },
      "waysWorking": [
        {
          "key": "A1",
          "title": "Giám đốc phòng CNTT",
          "parent": "null",
          "type": "head"
        },
        {
          "key": "A11",
          "title": "Giám đốc phòng kiểm tra chất lượng sản phẩm",
          "parent": "A1",
          "type": "main"
        },
        {
          "key": "A12",
          "title": "Giám đốc phòng triển khai dự án",
          "parent": "A1",
          "type": "child"
        },
        {
          "key": "A13",
          "title": "Phó giám đốc điều hành",
          "parent": "A1",
          "type": "main"
        },
        {
          "key": "A111",
          "title": "Phó giám đốc điều hành",
          "parent": "A11",
          "type": "child"
        },
        {
          "key": "A121",
          "title": "Phó giám đốc điều hành",
          "parent": "A12",
          "type": "child"
        },
        {
          "key": "A131",
          "title": "Giám đốc điều hành",
          "parent": "A13",
          "type": "child"
        },
        {
          "key": "A1111",
          "title": "Giám đốc điều hành",
          "parent": "A111",
          "type": "main"
        },
        {
          "key": "A1311",
          "title": "Phó tổng giám đốc",
          "parent": "A131",
          "type": "main"
        }
      ],
      "Courses": [
        {
          "name": "Strategic HR Leadership",
          "type": "courses",
          "typeView": "Khóa học",
          "position": "Leader",
          "time": "3 tháng",
          "descript": "\"Trong sự nghiệp, không ngừng học hỏi và phấn đấu là chìa khóa dẫn đến thành công. Mỗi thử thách đều là cơ hội để vươn xa hơn.”"
        },
        {
          "name": "Organizational Development",
          "type": "certificates",
          "typeView": "Chứng chỉ",
          "position": "Senior",
          "time": "14 ngày",
          "descript": "\"Trong sự nghiệp, không ngừng học hỏi và phấn đấu là chìa khóa dẫn đến thành công. Mỗi thử thách đều là cơ hội để vươn xa hơn.”"
        }
      ]
    }
  },
  {
    "AnnunciatorName": null,
    "boss": null,
    "Cellphone": "0000000",
    "code": "00039",
    "imgpath": "assets/images/easel.svg",
    "JobDescription": null,
    "key": "PRODUCT_72",
    "name": "GIÁM ĐỐC NHÂN SỰ",
    "OrgStructureName": "",
    "parent": "PRODUCT",
    "category": "",
    "PositionID": null,
    "total": 5,
    "itemArray": [
      {
        "AnnunciatorName": null,
        "boss": null,
        "Cellphone": "0000000",
        "code": "00039",
        "imgpath": "assets/images/anhthe/7.jpg",
        "JobDescription": null,
        "key": "ATT_0_1",
        "name": "NGUYỄN THÀNH TÍN",
        "OrgStructureName": "",
        "parent": "ATT_0",
        "PositionID": null,
        "title": "PRODUCT OWNER"
      },
      {
        "AnnunciatorName": null,
        "boss": null,
        "Cellphone": "0000000",
        "code": "00039",
        "imgpath": "assets/images/anhthe/2.jpg",
        "JobDescription": null,
        "key": "SAL_0_1",
        "name": "TRẦN DUY TÙNG",
        "OrgStructureName": "",
        "parent": "SAL_0",
        "PositionID": null,
        "title": "PRODUCT OWNER"
      }
    ],
    "data": {
      "name": "Trưởng phòng nhân sự",
      "orgName": "Phòng ban nhân sự",
      "timeShift": "Toàn thời gian",
      "salary": "89.000 - 110.000",
      "timeWork": "Trên 12 năm",
      "description": "Trưởng phòng nhân sự chịu trách nhiệm về các chính sách, hoạt động và nhân viên của phòng nhân sự. Họ đóng góp vào chiến lược tổng thể của công ty bằng cách tư vấn cho hội đồng quản trị về những tác động nhân sự trong các quyết định của họ.",
      "responsibility": [
        "Phát triển và thực hiện các chiến lược, chính sách và chương trình nhân sự hỗ trợ các mục tiêu kinh doanh, tầm nhìn và giá trị của tổ chức.",
        "Làm việc với quản lý cấp cao để xác định các ưu tiên và cơ hội nhân sự, đồng thời phát triển và thực hiện các kế hoạch nhân sự hỗ trợ các mục tiêu của tổ chức.",
        "Cung cấp khả năng lãnh đạo và hỗ trợ cho nhóm nhân sự đồng thời thúc đẩy văn hóa học hỏi, phát triển và cải tiến liên tục."
      ],
      "capacity": {
        "label": [
          "Thiết kế và phát triễn tổ chức",
          "Giải quyết vấn đề",
          "Khả năng lãnh đạo",
          "Kỹ luật",
          "Quản lý và thu hút nhân tài"
        ],
        "series": [
          {
            "type": "area",
            "name": "Năng lực",
            "data": [4, 4, 5, 5, 3]
          }
        ]
      },
      "waysWorking": [
        {
          "key": "A1",
          "title": "Giám đốc nhân sự",
          "parent": "null",
          "type": "head"
        },
        {
          "key": "A11",
          "title": "Giám đốc phòng tài chính",
          "parent": "A1",
          "type": "main"
        },
        {
          "key": "A12",
          "title": "Phó giám đốc điều hành",
          "parent": "A1",
          "type": "child"
        },
        {
          "key": "A13",
          "title": "Phó giám đốc kiểm soát nội bộ",
          "parent": "A1",
          "type": "main"
        },
        {
          "key": "A111",
          "title": "Phó giám đốc điều hành",
          "parent": "A11",
          "type": "child"
        },
        {
          "key": "A121",
          "title": "Giám đốc điều hành",
          "parent": "A12",
          "type": "child"
        },
        {
          "key": "A131",
          "title": "Trưởng nhóm phòng hành chính",
          "parent": "A13",
          "type": "child"
        },
        {
          "key": "A1111",
          "title": "Chuyên viên nhân sự",
          "parent": "A111",
          "type": "main"
        },
        {
          "key": "A1311",
          "title": "Giám đốc phòng kiểm soát",
          "parent": "A131",
          "type": "main"
        }
      ],
      "Courses": [
        {
          "name": "Strategic HR Leadership",
          "type": "courses",
          "typeView": "Khóa học",
          "position": "Leader",
          "time": "3 tháng",
          "descript": "\"Trong sự nghiệp, không ngừng học hỏi và phấn đấu là chìa khóa dẫn đến thành công. Mỗi thử thách đều là cơ hội để vươn xa hơn.”"
        },
        {
          "name": "Organizational Development",
          "type": "certificates",
          "typeView": "Chứng chỉ",
          "position": "Senior",
          "time": "14 ngày",
          "descript": "\"Trong sự nghiệp, không ngừng học hỏi và phấn đấu là chìa khóa dẫn đến thành công. Mỗi thử thách đều là cơ hội để vươn xa hơn.”"
        }
      ]
    }
  },
  {
    "AnnunciatorName": null,
    "JobDescription": null,
    "Cellphone": "01268945",
    "key": "DEVC2",
    "PositionID": null,
    "parent": "PRODUCT_12",
    "name": "PHÓ GIÁM ĐỐC TRUNG TÂM PHÁT TRIỂN SẢN PHẨM",
    "code": "Room",
    "title": "",
    "boss": null,
    "imgpath": "assets/images/employee.svg",
    "OrgStructureName": "",
    "category": "root",
    "total": 2,
    "data": {
      "name": "Trưởng phòng nhân sự",
      "orgName": "Phòng ban nhân sự",
      "timeShift": "Toàn thời gian",
      "salary": "89.000 - 110.000",
      "timeWork": "Trên 12 năm",
      "description": "Trưởng phòng nhân sự chịu trách nhiệm về các chính sách, hoạt động và nhân viên của phòng nhân sự. Họ đóng góp vào chiến lược tổng thể của công ty bằng cách tư vấn cho hội đồng quản trị về những tác động nhân sự trong các quyết định của họ.",
      "responsibility": [
        "Phát triển và thực hiện các chiến lược, chính sách và chương trình nhân sự hỗ trợ các mục tiêu kinh doanh, tầm nhìn và giá trị của tổ chức.",
        "Làm việc với quản lý cấp cao để xác định các ưu tiên và cơ hội nhân sự, đồng thời phát triển và thực hiện các kế hoạch nhân sự hỗ trợ các mục tiêu của tổ chức.",
        "Cung cấp khả năng lãnh đạo và hỗ trợ cho nhóm nhân sự đồng thời thúc đẩy văn hóa học hỏi, phát triển và cải tiến liên tục."
      ],
      "capacity": {
        "label": [
          "Thiết kế và phát triễn tổ chức",
          "Giải quyết vấn đề",
          "Khả năng lãnh đạo",
          "Kỹ luật",
          "Quản lý và thu hút nhân tài"
        ],
        "series": [
          {
            "type": "area",
            "name": "Năng lực",
            "data": [4, 4, 5, 5, 3]
          }
        ]
      },
      "waysWorking": [
        {
          "key": "A1",
          "title": "Phó giám đốc trung tâm phát triển sản phẩm",
          "parent": "null",
          "type": "head"
        },
        {
          "key": "A11",
          "title": "Giám đốc phòng phát triển sản phẩm",
          "parent": "A1",
          "type": "main"
        },
        {
          "key": "A12",
          "title": "Phó giám đốc phòng phân tích thiết kế sản phẩm",
          "parent": "A1",
          "type": "child"
        },
        {
          "key": "A13",
          "title": "Phó giám đốc trung tâm triển khai",
          "parent": "A1",
          "type": "main"
        },
        {
          "key": "A111",
          "title": "Phó giám đốc điều hành",
          "parent": "A11",
          "type": "child"
        },
        {
          "key": "A121",
          "title": "Giám đốc phòng phân tích thiết kế",
          "parent": "A12",
          "type": "child"
        },
        {
          "key": "A131",
          "title": "Giám đốc trung tâm triển khai",
          "parent": "A13",
          "type": "child"
        },
        {
          "key": "A1111",
          "title": "Giám đốc điều hành",
          "parent": "A111",
          "type": "main"
        },
        {
          "key": "A1311",
          "title": "Phó giám đốc điều hành",
          "parent": "A131",
          "type": "main"
        }
      ],
      "Courses": [
        {
          "name": "Strategic HR Leadership",
          "type": "courses",
          "typeView": "Khóa học",
          "position": "Leader",
          "time": "3 tháng",
          "descript": "\"Trong sự nghiệp, không ngừng học hỏi và phấn đấu là chìa khóa dẫn đến thành công. Mỗi thử thách đều là cơ hội để vươn xa hơn.”"
        },
        {
          "name": "Organizational Development",
          "type": "certificates",
          "typeView": "Chứng chỉ",
          "position": "Senior",
          "time": "14 ngày",
          "descript": "\"Trong sự nghiệp, không ngừng học hỏi và phấn đấu là chìa khóa dẫn đến thành công. Mỗi thử thách đều là cơ hội để vươn xa hơn.”"
        }
      ]
    }
  },
  {
    "AnnunciatorName": null,
    "JobDescription": null,
    "Cellphone": "01268945",
    "key": "DEVC1",
    "PositionID": null,
    "parent": "DEVC2",
    "name": "TRƯỞNG PHÒNG PHÁT TRIỂN SẢN PHẨM NHÂN SỰ",
    "code": "Room",
    "title": "",
    "boss": null,
    "imgpath": "assets/images/employee.svg",
    "OrgStructureName": "",
    "category": "root",
    "total": 0,
    "data": {
      "name": "Trưởng phòng nhân sự",
      "orgName": "Phòng ban nhân sự",
      "timeShift": "Toàn thời gian",
      "salary": "89.000 - 110.000",
      "timeWork": "Trên 12 năm",
      "description": "Trưởng phòng nhân sự chịu trách nhiệm về các chính sách, hoạt động và nhân viên của phòng nhân sự. Họ đóng góp vào chiến lược tổng thể của công ty bằng cách tư vấn cho hội đồng quản trị về những tác động nhân sự trong các quyết định của họ.",
      "responsibility": [
        "Phát triển và thực hiện các chiến lược, chính sách và chương trình nhân sự hỗ trợ các mục tiêu kinh doanh, tầm nhìn và giá trị của tổ chức.",
        "Làm việc với quản lý cấp cao để xác định các ưu tiên và cơ hội nhân sự, đồng thời phát triển và thực hiện các kế hoạch nhân sự hỗ trợ các mục tiêu của tổ chức.",
        "Cung cấp khả năng lãnh đạo và hỗ trợ cho nhóm nhân sự đồng thời thúc đẩy văn hóa học hỏi, phát triển và cải tiến liên tục."
      ],
      "capacity": {
        "label": [
          "Thiết kế và phát triễn tổ chức",
          "Giải quyết vấn đề",
          "Khả năng lãnh đạo",
          "Kỹ luật",
          "Quản lý và thu hút nhân tài"
        ],
        "series": [
          {
            "type": "area",
            "name": "Năng lực",
            "data": [4, 4, 5, 5, 3]
          }
        ]
      },
      "waysWorking": [
        {
          "key": "A1",
          "title": "Head of HR",
          "parent": "null",
          "type": "head"
        },
        {
          "key": "A11",
          "title": "Davisional/Regional HR Head",
          "parent": "A1",
          "type": "main"
        },
        {
          "key": "A12",
          "title": "HR Director",
          "parent": "A1",
          "type": "child"
        },
        {
          "key": "A13",
          "title": "Head of Employee Experience",
          "parent": "A1",
          "type": "main"
        },
        {
          "key": "A111",
          "title": "HR Director",
          "parent": "A11",
          "type": "child"
        },
        {
          "key": "A121",
          "title": "Chief Diversity Officer",
          "parent": "A12",
          "type": "child"
        },
        {
          "key": "A131",
          "title": "Head of Digital HR",
          "parent": "A13",
          "type": "child"
        },
        {
          "key": "A1111",
          "title": "Chief People Officer (CHRO)",
          "parent": "A111",
          "type": "main"
        },
        {
          "key": "A1311",
          "title": "Chief People Officer (CHRO)",
          "parent": "A131",
          "type": "main"
        }
      ],
      "Courses": [
        {
          "name": "Strategic HR Leadership",
          "type": "courses",
          "typeView": "Khóa học",
          "position": "Leader",
          "time": "3 tháng",
          "descript": "\"Trong sự nghiệp, không ngừng học hỏi và phấn đấu là chìa khóa dẫn đến thành công. Mỗi thử thách đều là cơ hội để vươn xa hơn.”"
        },
        {
          "name": "Organizational Development",
          "type": "certificates",
          "typeView": "Chứng chỉ",
          "position": "Senior",
          "time": "14 ngày",
          "descript": "\"Trong sự nghiệp, không ngừng học hỏi và phấn đấu là chìa khóa dẫn đến thành công. Mỗi thử thách đều là cơ hội để vươn xa hơn.”"
        }
      ]
    }
  },
  {
    "AnnunciatorName": null,
    "JobDescription": null,
    "Cellphone": "01268945",
    "key": "DEVC3",
    "PositionID": null,
    "parent": "DEVC2",
    "name": "TRƯỞNG PHÒNG PHÁT TRIỂN SẢN PHẨM ĐÀO TẠO",
    "code": "Room",
    "title": "",
    "boss": null,
    "imgpath": "assets/images/employee.svg",
    "OrgStructureName": "",
    "category": "root",
    "total": 0,
    "data": {
      "name": "Trưởng phòng nhân sự",
      "orgName": "Phòng ban nhân sự",
      "timeShift": "Toàn thời gian",
      "salary": "89.000 - 110.000",
      "timeWork": "Trên 12 năm",
      "description": "Trưởng phòng nhân sự chịu trách nhiệm về các chính sách, hoạt động và nhân viên của phòng nhân sự. Họ đóng góp vào chiến lược tổng thể của công ty bằng cách tư vấn cho hội đồng quản trị về những tác động nhân sự trong các quyết định của họ.",
      "responsibility": [
        "Phát triển và thực hiện các chiến lược, chính sách và chương trình nhân sự hỗ trợ các mục tiêu kinh doanh, tầm nhìn và giá trị của tổ chức.",
        "Làm việc với quản lý cấp cao để xác định các ưu tiên và cơ hội nhân sự, đồng thời phát triển và thực hiện các kế hoạch nhân sự hỗ trợ các mục tiêu của tổ chức.",
        "Cung cấp khả năng lãnh đạo và hỗ trợ cho nhóm nhân sự đồng thời thúc đẩy văn hóa học hỏi, phát triển và cải tiến liên tục."
      ],
      "capacity": {
        "label": [
          "Thiết kế và phát triễn tổ chức",
          "Giải quyết vấn đề",
          "Khả năng lãnh đạo",
          "Kỹ luật",
          "Quản lý và thu hút nhân tài"
        ],
        "series": [
          {
            "type": "area",
            "name": "Năng lực",
            "data": [4, 4, 5, 5, 3]
          }
        ]
      },
      "waysWorking": [
        {
          "key": "A1",
          "title": "Head of HR",
          "parent": "null",
          "type": "head"
        },
        {
          "key": "A11",
          "title": "Davisional/Regional HR Head",
          "parent": "A1",
          "type": "main"
        },
        {
          "key": "A12",
          "title": "HR Director",
          "parent": "A1",
          "type": "child"
        },
        {
          "key": "A13",
          "title": "Head of Employee Experience",
          "parent": "A1",
          "type": "main"
        },
        {
          "key": "A111",
          "title": "HR Director",
          "parent": "A11",
          "type": "child"
        },
        {
          "key": "A121",
          "title": "Chief Diversity Officer",
          "parent": "A12",
          "type": "child"
        },
        {
          "key": "A131",
          "title": "Head of Digital HR",
          "parent": "A13",
          "type": "child"
        },
        {
          "key": "A1111",
          "title": "Chief People Officer (CHRO)",
          "parent": "A111",
          "type": "main"
        },
        {
          "key": "A1311",
          "title": "Chief People Officer (CHRO)",
          "parent": "A131",
          "type": "main"
        }
      ],
      "Courses": [
        {
          "name": "Strategic HR Leadership",
          "type": "courses",
          "typeView": "Khóa học",
          "position": "Leader",
          "time": "3 tháng",
          "descript": "\"Trong sự nghiệp, không ngừng học hỏi và phấn đấu là chìa khóa dẫn đến thành công. Mỗi thử thách đều là cơ hội để vươn xa hơn.”"
        },
        {
          "name": "Organizational Development",
          "type": "certificates",
          "typeView": "Chứng chỉ",
          "position": "Senior",
          "time": "14 ngày",
          "descript": "\"Trong sự nghiệp, không ngừng học hỏi và phấn đấu là chìa khóa dẫn đến thành công. Mỗi thử thách đều là cơ hội để vươn xa hơn.”"
        }
      ]
    }
  },
  {
    "AnnunciatorName": null,
    "JobDescription": null,
    "Cellphone": "01268945",
    "key": "DEVC33",
    "PositionID": null,
    "parent": "PRODUCT_23",
    "name": "CHUYÊN VIÊN PHÒNG CÔNG NGHỆ THÔNG TIN",
    "code": "Room",
    "title": "",
    "boss": null,
    "imgpath": "assets/images/employee.svg",
    "OrgStructureName": "",
    "category": "root",
    "total": 0,
    "data": {
      "name": "Chuyên viên phòng CNTT",
      "orgName": "Phòng ban nhân sự",
      "timeShift": "Toàn thời gian",
      "salary": "89.000 - 110.000",
      "timeWork": "Trên 12 năm",
      "description": "Trưởng phòng nhân sự chịu trách nhiệm về các chính sách, hoạt động và nhân viên của phòng nhân sự. Họ đóng góp vào chiến lược tổng thể của công ty bằng cách tư vấn cho hội đồng quản trị về những tác động nhân sự trong các quyết định của họ.",
      "responsibility": [
        "Phát triển và thực hiện các chiến lược, chính sách và chương trình nhân sự hỗ trợ các mục tiêu kinh doanh, tầm nhìn và giá trị của tổ chức.",
        "Làm việc với quản lý cấp cao để xác định các ưu tiên và cơ hội nhân sự, đồng thời phát triển và thực hiện các kế hoạch nhân sự hỗ trợ các mục tiêu của tổ chức.",
        "Cung cấp khả năng lãnh đạo và hỗ trợ cho nhóm nhân sự đồng thời thúc đẩy văn hóa học hỏi, phát triển và cải tiến liên tục."
      ],
      "capacity": {
        "label": [
          "Thiết kế và phát triễn tổ chức",
          "Giải quyết vấn đề",
          "Khả năng lãnh đạo",
          "Kỹ luật",
          "Quản lý và thu hút nhân tài"
        ],
        "series": [
          {
            "type": "area",
            "name": "Năng lực",
            "data": [4, 4, 5, 5, 3]
          }
        ]
      },
      "waysWorking": [
        {
          "key": "A1",
          "title": "Chuyên viên phòng CNTT",
          "parent": "null",
          "type": "head"
        },
        {
          "key": "A11",
          "title": "Phó phòng CNTT",
          "parent": "A1",
          "type": "main"
        },
        {
          "key": "A12",
          "title": "Chuyên viên phòng phát triển sản phẩm",
          "parent": "A1",
          "type": "child"
        },
        {
          "key": "A13",
          "title": "Chuyên viên phòng quản lý chất lượng",
          "parent": "A1",
          "type": "main"
        },
        {
          "key": "A111",
          "title": "Trường phòng CNTT",
          "parent": "A11",
          "type": "child"
        },
        {
          "key": "A121",
          "title": "Phó phòng phát triển sản phẩm",
          "parent": "A12",
          "type": "child"
        },
        {
          "key": "A131",
          "title": "Phó phòng quản lý chất lượng",
          "parent": "A13",
          "type": "child"
        },
        {
          "key": "A1111",
          "title": "Giám đốc phòng CNTT",
          "parent": "A111",
          "type": "main"
        },
        {
          "key": "A1311",
          "title": "Trưởng phòng quản lý chất lượng",
          "parent": "A131",
          "type": "main"
        }
      ],
      "Courses": [
        {
          "name": "Strategic HR Leadership",
          "type": "courses",
          "typeView": "Khóa học",
          "position": "Leader",
          "time": "3 tháng",
          "descript": "\"Trong sự nghiệp, không ngừng học hỏi và phấn đấu là chìa khóa dẫn đến thành công. Mỗi thử thách đều là cơ hội để vươn xa hơn.”"
        },
        {
          "name": "Organizational Development",
          "type": "certificates",
          "typeView": "Chứng chỉ",
          "position": "Senior",
          "time": "14 ngày",
          "descript": "\"Trong sự nghiệp, không ngừng học hỏi và phấn đấu là chìa khóa dẫn đến thành công. Mỗi thử thách đều là cơ hội để vươn xa hơn.”"
        }
      ]
    }
  },
  {
    "AnnunciatorName": null,
    "JobDescription": null,
    "Cellphone": "01268945",
    "key": "DEVC34",
    "PositionID": null,
    "parent": "R&D_0",
    "name": "NHÂN VIÊN PHÒNG CHĂM SÓC KHÁCH HÀNG",
    "code": "Room",
    "title": "",
    "boss": null,
    "imgpath": "assets/images/employee.svg",
    "OrgStructureName": "",
    "category": "root",
    "total": 0,
    "itemArray": [
      {
        "AnnunciatorName": null,
        "boss": null,
        "Cellphone": "0000000",
        "code": "00039",
        "imgpath": "assets/images/anhthe/2.jpg",
        "JobDescription": null,
        "key": "SAL_0_1",
        "name": "TRẦN DUY TÙNG",
        "OrgStructureName": "",
        "parent": "SAL_0",
        "PositionID": null,
        "title": "PRODUCT OWNER"
      }
    ],
    "data": {
      "name": "Nhân viên phòng CNTT",
      "orgName": "Phòng ban nhân sự",
      "timeShift": "Toàn thời gian",
      "salary": "89.000 - 110.000",
      "timeWork": "Trên 12 năm",
      "description": "Trưởng phòng nhân sự chịu trách nhiệm về các chính sách, hoạt động và nhân viên của phòng nhân sự. Họ đóng góp vào chiến lược tổng thể của công ty bằng cách tư vấn cho hội đồng quản trị về những tác động nhân sự trong các quyết định của họ.",
      "responsibility": [
        "Phát triển và thực hiện các chiến lược, chính sách và chương trình nhân sự hỗ trợ các mục tiêu kinh doanh, tầm nhìn và giá trị của tổ chức.",
        "Làm việc với quản lý cấp cao để xác định các ưu tiên và cơ hội nhân sự, đồng thời phát triển và thực hiện các kế hoạch nhân sự hỗ trợ các mục tiêu của tổ chức.",
        "Cung cấp khả năng lãnh đạo và hỗ trợ cho nhóm nhân sự đồng thời thúc đẩy văn hóa học hỏi, phát triển và cải tiến liên tục."
      ],
      "capacity": {
        "label": [
          "Thiết kế và phát triễn tổ chức",
          "Giải quyết vấn đề",
          "Khả năng lãnh đạo",
          "Kỹ luật",
          "Quản lý và thu hút nhân tài"
        ],
        "series": [
          {
            "type": "area",
            "name": "Năng lực",
            "data": [4, 4, 5, 5, 3]
          }
        ]
      },
      "waysWorking": [
        {
          "key": "A1",
          "title": "Nhân viên Chăm sóc khách hàng",
          "parent": "null",
          "type": "head"
        },
        {
          "key": "A11",
          "title": "Nhân viên tư vấn triển khai",
          "parent": "A1",
          "type": "main"
        },
        {
          "key": "A12",
          "title": "Trưởng nhóm Chăm sóc khác hàng",
          "parent": "A1",
          "type": "child"
        },
        {
          "key": "A13",
          "title": "Nhân viên kinh doanh",
          "parent": "A1",
          "type": "main"
        },
        {
          "key": "A111",
          "title": "Trưởng nhóm Tư vấn triển khai",
          "parent": "A11",
          "type": "child"
        },
        {
          "key": "A121",
          "title": "Trưởng phòng Chăm sóc khách hàng",
          "parent": "A12",
          "type": "child"
        },
        {
          "key": "A131",
          "title": "Trưởng nhớm Kinh doanh",
          "parent": "A13",
          "type": "child"
        },
        {
          "key": "A1111",
          "title": "Trưởng phòng Tư vấn triển khai",
          "parent": "A111",
          "type": "main"
        },
        {
          "key": "A1311",
          "title": "Trưởng phòng Kinh doanh",
          "parent": "A131",
          "type": "main"
        }
      ],
      "Courses": [
        {
          "name": "Strategic HR Leadership",
          "type": "courses",
          "typeView": "Khóa học",
          "position": "Leader",
          "time": "3 tháng",
          "descript": "\"Trong sự nghiệp, không ngừng học hỏi và phấn đấu là chìa khóa dẫn đến thành công. Mỗi thử thách đều là cơ hội để vươn xa hơn.”"
        },
        {
          "name": "Organizational Development",
          "type": "certificates",
          "typeView": "Chứng chỉ",
          "position": "Senior",
          "time": "14 ngày",
          "descript": "\"Trong sự nghiệp, không ngừng học hỏi và phấn đấu là chìa khóa dẫn đến thành công. Mỗi thử thách đều là cơ hội để vươn xa hơn.”"
        }
      ]
    }
  },
  {
    "AnnunciatorName": null,
    "JobDescription": null,
    "Cellphone": "01268945",
    "key": "DEV",
    "PositionID": null,
    "parent": "PRODUCT_72",
    "name": "PHÓ PHÒNG NHÂN SỰ",
    "code": "Room",
    "title": "",
    "boss": null,
    "imgpath": "assets/images/employee.svg",
    "OrgStructureName": "",
    "category": "root",
    "total": 4,
    "itemArray": [
      {
        "AnnunciatorName": null,
        "boss": null,
        "Cellphone": "0000000",
        "code": "00039",
        "imgpath": "assets/images/anhthe/2.jpg",
        "JobDescription": null,
        "key": "SAL_0_1",
        "name": "TRẦN DUY TÙNG",
        "OrgStructureName": "",
        "parent": "SAL_0",
        "PositionID": null,
        "title": "PRODUCT OWNER"
      }
    ],
    "data": {
      "name": "Trưởng phòng nhân sự",
      "orgName": "Phòng ban nhân sự",
      "timeShift": "Toàn thời gian",
      "salary": "89.000 - 110.000",
      "timeWork": "Trên 12 năm",
      "description": "Trưởng phòng nhân sự chịu trách nhiệm về các chính sách, hoạt động và nhân viên của phòng nhân sự. Họ đóng góp vào chiến lược tổng thể của công ty bằng cách tư vấn cho hội đồng quản trị về những tác động nhân sự trong các quyết định của họ.",
      "responsibility": [
        "Phát triển và thực hiện các chiến lược, chính sách và chương trình nhân sự hỗ trợ các mục tiêu kinh doanh, tầm nhìn và giá trị của tổ chức.",
        "Làm việc với quản lý cấp cao để xác định các ưu tiên và cơ hội nhân sự, đồng thời phát triển và thực hiện các kế hoạch nhân sự hỗ trợ các mục tiêu của tổ chức.",
        "Cung cấp khả năng lãnh đạo và hỗ trợ cho nhóm nhân sự đồng thời thúc đẩy văn hóa học hỏi, phát triển và cải tiến liên tục."
      ],
      "capacity": {
        "label": [
          "Thiết kế và phát triễn tổ chức",
          "Giải quyết vấn đề",
          "Khả năng lãnh đạo",
          "Kỹ luật",
          "Quản lý và thu hút nhân tài"
        ],
        "series": [
          {
            "type": "area",
            "name": "Năng lực",
            "data": [4, 4, 5, 5, 3]
          }
        ]
      },
      "waysWorking": [
        {
          "key": "A1",
          "title": "Phó phòng nhân sự",
          "parent": "null",
          "type": "head"
        },
        {
          "key": "A11",
          "title": "Trưởng phòng nhân sự",
          "parent": "A1",
          "type": "main"
        },
        {
          "key": "A12",
          "title": "Phó phòng marketting",
          "parent": "A1",
          "type": "child"
        },
        {
          "key": "A13",
          "title": "Phó phòng tài chính",
          "parent": "A1",
          "type": "main"
        },
        {
          "key": "A111",
          "title": "Phó giám đốc nhân sự",
          "parent": "A11",
          "type": "child"
        },
        {
          "key": "A121",
          "title": "Trưởng phòng marketting",
          "parent": "A12",
          "type": "child"
        },
        {
          "key": "A131",
          "title": "Trưởng phòng tài chính",
          "parent": "A13",
          "type": "child"
        },
        {
          "key": "A1111",
          "title": "Giám đốc nhân sự",
          "parent": "A111",
          "type": "main"
        },
        {
          "key": "A1311",
          "title": "Phó giám đốc tài chính",
          "parent": "A131",
          "type": "main"
        }
      ],
      "Courses": [
        {
          "name": "Strategic HR Leadership",
          "type": "courses",
          "typeView": "Khóa học",
          "position": "Leader",
          "time": "3 tháng",
          "descript": "\"Trong sự nghiệp, không ngừng học hỏi và phấn đấu là chìa khóa dẫn đến thành công. Mỗi thử thách đều là cơ hội để vươn xa hơn.”"
        },
        {
          "name": "Organizational Development",
          "type": "certificates",
          "typeView": "Chứng chỉ",
          "position": "Senior",
          "time": "14 ngày",
          "descript": "\"Trong sự nghiệp, không ngừng học hỏi và phấn đấu là chìa khóa dẫn đến thành công. Mỗi thử thách đều là cơ hội để vươn xa hơn.”"
        }
      ]
    }
  },
  {
    "AnnunciatorName": null,
    "JobDescription": null,
    "Cellphone": "01268945",
    "key": "DEV1",
    "PositionID": null,
    "parent": "DEV",
    "name": "NHÂN VIÊN TUYỂN DỤNG",
    "code": "Room",
    "title": "",
    "boss": null,
    "imgpath": "assets/images/employee.svg",
    "OrgStructureName": "",
    "category": "root",
    "total": 0,
    "itemArray": [
      {
        "AnnunciatorName": null,
        "boss": null,
        "Cellphone": "0000000",
        "code": "00039",
        "imgpath": "assets/images/anhthe/10.jpg",
        "JobDescription": null,
        "key": "HRE_0_1",
        "name": "VÕ MINH SƠN",
        "OrgStructureName": "",
        "parent": "HRE_0",
        "PositionID": null,
        "title": "PRODUCT OWNER",
        "category": "",
        "total": 0
      },
      {
        "boss": null,
        "Cellphone": "0000000",
        "code": "00177",
        "imgpath": "assets/images/anhthe/7.jpg",
        "JobDescription": null,
        "key": "R&D_0_1",
        "name": "MAI XUÂN SÁNG",
        "OrgStructureName": "",
        "parent": "R&D_0",
        "PositionID": null,
        "title": "LEADER",
        "category": "",
        "total": 0
      },
      {
        "AnnunciatorName": null,
        "boss": null,
        "Cellphone": "0000000",
        "code": "00039",
        "imgpath": "assets/images/anhthe/2.jpg",
        "JobDescription": null,
        "key": "SAL_0_1",
        "name": "TRẦN DUY TÙNG",
        "OrgStructureName": "",
        "parent": "SAL_0",
        "PositionID": null,
        "title": "PRODUCT OWNER"
      }
    ],
    "data": {
      "name": "Trưởng phòng nhân sự",
      "orgName": "Phòng ban nhân sự",
      "timeShift": "Toàn thời gian",
      "salary": "89.000 - 110.000",
      "timeWork": "Trên 12 năm",
      "description": "Trưởng phòng nhân sự chịu trách nhiệm về các chính sách, hoạt động và nhân viên của phòng nhân sự. Họ đóng góp vào chiến lược tổng thể của công ty bằng cách tư vấn cho hội đồng quản trị về những tác động nhân sự trong các quyết định của họ.",
      "responsibility": [
        "Phát triển và thực hiện các chiến lược, chính sách và chương trình nhân sự hỗ trợ các mục tiêu kinh doanh, tầm nhìn và giá trị của tổ chức.",
        "Làm việc với quản lý cấp cao để xác định các ưu tiên và cơ hội nhân sự, đồng thời phát triển và thực hiện các kế hoạch nhân sự hỗ trợ các mục tiêu của tổ chức.",
        "Cung cấp khả năng lãnh đạo và hỗ trợ cho nhóm nhân sự đồng thời thúc đẩy văn hóa học hỏi, phát triển và cải tiến liên tục."
      ],
      "capacity": {
        "label": [
          "Thiết kế và phát triễn tổ chức",
          "Giải quyết vấn đề",
          "Khả năng lãnh đạo",
          "Kỹ luật",
          "Quản lý và thu hút nhân tài"
        ],
        "series": [
          {
            "type": "area",
            "name": "Năng lực",
            "data": [4, 4, 5, 5, 3]
          }
        ]
      },
      "waysWorking": [
        {
          "key": "A1",
          "title": "Head of HR",
          "parent": "null",
          "type": "head"
        },
        {
          "key": "A11",
          "title": "Davisional/Regional HR Head",
          "parent": "A1",
          "type": "main"
        },
        {
          "key": "A12",
          "title": "HR Director",
          "parent": "A1",
          "type": "child"
        },
        {
          "key": "A13",
          "title": "Head of Employee Experience",
          "parent": "A1",
          "type": "main"
        },
        {
          "key": "A111",
          "title": "HR Director",
          "parent": "A11",
          "type": "child"
        },
        {
          "key": "A121",
          "title": "Chief Diversity Officer",
          "parent": "A12",
          "type": "child"
        },
        {
          "key": "A131",
          "title": "Head of Digital HR",
          "parent": "A13",
          "type": "child"
        },
        {
          "key": "A1111",
          "title": "Chief People Officer (CHRO)",
          "parent": "A111",
          "type": "main"
        },
        {
          "key": "A1311",
          "title": "Chief People Officer (CHRO)",
          "parent": "A131",
          "type": "main"
        }
      ],
      "Courses": [
        {
          "name": "Strategic HR Leadership",
          "type": "courses",
          "typeView": "Khóa học",
          "position": "Leader",
          "time": "3 tháng",
          "descript": "\"Trong sự nghiệp, không ngừng học hỏi và phấn đấu là chìa khóa dẫn đến thành công. Mỗi thử thách đều là cơ hội để vươn xa hơn.”"
        },
        {
          "name": "Organizational Development",
          "type": "certificates",
          "typeView": "Chứng chỉ",
          "position": "Senior",
          "time": "14 ngày",
          "descript": "\"Trong sự nghiệp, không ngừng học hỏi và phấn đấu là chìa khóa dẫn đến thành công. Mỗi thử thách đều là cơ hội để vươn xa hơn.”"
        }
      ]
    }
  },
  {
    "AnnunciatorName": null,
    "JobDescription": null,
    "Cellphone": "01268945",
    "key": "DEV2",
    "PositionID": null,
    "parent": "DEV",
    "name": "NHÂN VIÊN NHÂN SỰ",
    "code": "Room",
    "title": "",
    "boss": null,
    "imgpath": "assets/images/employee.svg",
    "OrgStructureName": "",
    "category": "root",
    "total": 0,
    "itemArray": [
      {
        "AnnunciatorName": null,
        "boss": null,
        "Cellphone": "0000000",
        "code": "00039",
        "imgpath": "assets/images/anhthe/10.jpg",
        "JobDescription": null,
        "key": "HRE_0_1",
        "name": "VÕ MINH SƠN",
        "OrgStructureName": "",
        "parent": "HRE_0",
        "PositionID": null,
        "title": "PRODUCT OWNER",
        "category": "",
        "total": 0
      },
      {
        "boss": null,
        "Cellphone": "0000000",
        "code": "00177",
        "imgpath": "assets/images/anhthe/7.jpg",
        "JobDescription": null,
        "key": "R&D_0_1",
        "name": "MAI XUÂN SÁNG",
        "OrgStructureName": "",
        "parent": "R&D_0",
        "PositionID": null,
        "title": "LEADER",
        "category": "",
        "total": 0
      },
      {
        "Cellphone": "0000000",
        "key": "R&D_0_2",
        "PositionID": null,
        "parent": "R&D_0_1",
        "name": "NGUYỄN HUỲNH HUY HOÀNG",
        "code": "00532",
        "title": "LEADER",
        "boss": null,
        "imgpath": "assets/images/anhthe/3.jpg",
        "isAssistant": true,
        "OrgStructureName": "",
        "category": "",
        "total": 0
      },
      {
        "AnnunciatorName": null,
        "boss": null,
        "Cellphone": "0000000",
        "code": "00039",
        "imgpath": "assets/images/anhthe/3.jpg",
        "JobDescription": null,
        "key": "ATT_0_1",
        "name": "NGUYỄN THÀNH TÍN",
        "OrgStructureName": "",
        "parent": "ATT_0",
        "PositionID": null,
        "title": "PRODUCT OWNER"
      },
      {
        "AnnunciatorName": null,
        "boss": null,
        "Cellphone": "0000000",
        "code": "00039",
        "imgpath": "assets/images/anhthe/2.jpg",
        "JobDescription": null,
        "key": "SAL_0_1",
        "name": "TRẦN DUY TÙNG",
        "OrgStructureName": "",
        "parent": "SAL_0",
        "PositionID": null,
        "title": "PRODUCT OWNER"
      }
    ],
    "data": {
      "name": "Trưởng phòng nhân sự",
      "orgName": "Phòng ban nhân sự",
      "timeShift": "Toàn thời gian",
      "salary": "89.000 - 110.000",
      "timeWork": "Trên 12 năm",
      "description": "Trưởng phòng nhân sự chịu trách nhiệm về các chính sách, hoạt động và nhân viên của phòng nhân sự. Họ đóng góp vào chiến lược tổng thể của công ty bằng cách tư vấn cho hội đồng quản trị về những tác động nhân sự trong các quyết định của họ.",
      "responsibility": [
        "Phát triển và thực hiện các chiến lược, chính sách và chương trình nhân sự hỗ trợ các mục tiêu kinh doanh, tầm nhìn và giá trị của tổ chức.",
        "Làm việc với quản lý cấp cao để xác định các ưu tiên và cơ hội nhân sự, đồng thời phát triển và thực hiện các kế hoạch nhân sự hỗ trợ các mục tiêu của tổ chức.",
        "Cung cấp khả năng lãnh đạo và hỗ trợ cho nhóm nhân sự đồng thời thúc đẩy văn hóa học hỏi, phát triển và cải tiến liên tục."
      ],
      "capacity": {
        "label": [
          "Thiết kế và phát triễn tổ chức",
          "Giải quyết vấn đề",
          "Khả năng lãnh đạo",
          "Kỹ luật",
          "Quản lý và thu hút nhân tài"
        ],
        "series": [
          {
            "type": "area",
            "name": "Năng lực",
            "data": [4, 4, 5, 5, 3]
          }
        ]
      },
      "waysWorking": [
        {
          "key": "A1",
          "title": "Head of HR",
          "parent": "null",
          "type": "head"
        },
        {
          "key": "A11",
          "title": "Davisional/Regional HR Head",
          "parent": "A1",
          "type": "main"
        },
        {
          "key": "A12",
          "title": "HR Director",
          "parent": "A1",
          "type": "child"
        },
        {
          "key": "A13",
          "title": "Head of Employee Experience",
          "parent": "A1",
          "type": "main"
        },
        {
          "key": "A111",
          "title": "HR Director",
          "parent": "A11",
          "type": "child"
        },
        {
          "key": "A121",
          "title": "Chief Diversity Officer",
          "parent": "A12",
          "type": "child"
        },
        {
          "key": "A131",
          "title": "Head of Digital HR",
          "parent": "A13",
          "type": "child"
        },
        {
          "key": "A1111",
          "title": "Chief People Officer (CHRO)",
          "parent": "A111",
          "type": "main"
        },
        {
          "key": "A1311",
          "title": "Chief People Officer (CHRO)",
          "parent": "A131",
          "type": "main"
        }
      ],
      "Courses": [
        {
          "name": "Strategic HR Leadership",
          "type": "courses",
          "typeView": "Khóa học",
          "position": "Leader",
          "time": "3 tháng",
          "descript": "\"Trong sự nghiệp, không ngừng học hỏi và phấn đấu là chìa khóa dẫn đến thành công. Mỗi thử thách đều là cơ hội để vươn xa hơn.”"
        },
        {
          "name": "Organizational Development",
          "type": "certificates",
          "typeView": "Chứng chỉ",
          "position": "Senior",
          "time": "14 ngày",
          "descript": "\"Trong sự nghiệp, không ngừng học hỏi và phấn đấu là chìa khóa dẫn đến thành công. Mỗi thử thách đều là cơ hội để vươn xa hơn.”"
        }
      ]
    }
  },
  {
    "AnnunciatorName": null,
    "JobDescription": null,
    "Cellphone": "01268945",
    "key": "DEV3",
    "PositionID": null,
    "parent": "DEV",
    "name": "NHÂN VIÊN QUAN HỆ LAO ĐỘNG",
    "code": "Room",
    "title": "",
    "boss": null,
    "imgpath": "assets/images/employee.svg",
    "OrgStructureName": "",
    "category": "root",
    "total": 0,
    "itemArray": [
      {
        "AnnunciatorName": null,
        "boss": null,
        "Cellphone": "0000000",
        "code": "00039",
        "imgpath": "assets/images/anhthe/2.jpg",
        "JobDescription": null,
        "key": "SAL_0_1",
        "name": "TRẦN DUY TÙNG",
        "OrgStructureName": "",
        "parent": "SAL_0",
        "PositionID": null,
        "title": "PRODUCT OWNER"
      }
    ],
    "data": {
      "name": "Trưởng phòng nhân sự",
      "orgName": "Phòng ban nhân sự",
      "timeShift": "Toàn thời gian",
      "salary": "89.000 - 110.000",
      "timeWork": "Trên 12 năm",
      "description": "Trưởng phòng nhân sự chịu trách nhiệm về các chính sách, hoạt động và nhân viên của phòng nhân sự. Họ đóng góp vào chiến lược tổng thể của công ty bằng cách tư vấn cho hội đồng quản trị về những tác động nhân sự trong các quyết định của họ.",
      "responsibility": [
        "Phát triển và thực hiện các chiến lược, chính sách và chương trình nhân sự hỗ trợ các mục tiêu kinh doanh, tầm nhìn và giá trị của tổ chức.",
        "Làm việc với quản lý cấp cao để xác định các ưu tiên và cơ hội nhân sự, đồng thời phát triển và thực hiện các kế hoạch nhân sự hỗ trợ các mục tiêu của tổ chức.",
        "Cung cấp khả năng lãnh đạo và hỗ trợ cho nhóm nhân sự đồng thời thúc đẩy văn hóa học hỏi, phát triển và cải tiến liên tục."
      ],
      "capacity": {
        "label": [
          "Thiết kế và phát triễn tổ chức",
          "Giải quyết vấn đề",
          "Khả năng lãnh đạo",
          "Kỹ luật",
          "Quản lý và thu hút nhân tài"
        ],
        "series": [
          {
            "type": "area",
            "name": "Năng lực",
            "data": [4, 4, 5, 5, 3]
          }
        ]
      },
      "waysWorking": [
        {
          "key": "A1",
          "title": "Head of HR",
          "parent": "null",
          "type": "head"
        },
        {
          "key": "A11",
          "title": "Davisional/Regional HR Head",
          "parent": "A1",
          "type": "main"
        },
        {
          "key": "A12",
          "title": "HR Director",
          "parent": "A1",
          "type": "child"
        },
        {
          "key": "A13",
          "title": "Head of Employee Experience",
          "parent": "A1",
          "type": "main"
        },
        {
          "key": "A111",
          "title": "HR Director",
          "parent": "A11",
          "type": "child"
        },
        {
          "key": "A121",
          "title": "Chief Diversity Officer",
          "parent": "A12",
          "type": "child"
        },
        {
          "key": "A131",
          "title": "Head of Digital HR",
          "parent": "A13",
          "type": "child"
        },
        {
          "key": "A1111",
          "title": "Chief People Officer (CHRO)",
          "parent": "A111",
          "type": "main"
        },
        {
          "key": "A1311",
          "title": "Chief People Officer (CHRO)",
          "parent": "A131",
          "type": "main"
        }
      ],
      "Courses": [
        {
          "name": "Strategic HR Leadership",
          "type": "courses",
          "typeView": "Khóa học",
          "position": "Leader",
          "time": "3 tháng",
          "descript": "\"Trong sự nghiệp, không ngừng học hỏi và phấn đấu là chìa khóa dẫn đến thành công. Mỗi thử thách đều là cơ hội để vươn xa hơn.”"
        },
        {
          "name": "Organizational Development",
          "type": "certificates",
          "typeView": "Chứng chỉ",
          "position": "Senior",
          "time": "14 ngày",
          "descript": "\"Trong sự nghiệp, không ngừng học hỏi và phấn đấu là chìa khóa dẫn đến thành công. Mỗi thử thách đều là cơ hội để vươn xa hơn.”"
        }
      ]
    }
  },
  {
    "AnnunciatorName": null,
    "JobDescription": null,
    "Cellphone": "01268945",
    "key": "DEV4",
    "PositionID": null,
    "parent": "DEV",
    "name": "CHUYÊN VIÊN TRÁCH NHIỆM XÃ HỘI",
    "code": "Room",
    "title": "",
    "boss": null,
    "imgpath": "assets/images/employee.svg",
    "OrgStructureName": "",
    "category": "root",
    "total": 0,
    "itemArray": [
      {
        "AnnunciatorName": null,
        "boss": null,
        "Cellphone": "0000000",
        "code": "00039",
        "imgpath": "assets/images/anhthe/2.jpg",
        "JobDescription": null,
        "key": "SAL_0_1",
        "name": "TRẦN DUY TÙNG",
        "OrgStructureName": "",
        "parent": "SAL_0",
        "PositionID": null,
        "title": "PRODUCT OWNER"
      }
    ],
    "data": {
      "name": "Trưởng phòng nhân sự",
      "orgName": "Phòng ban nhân sự",
      "timeShift": "Toàn thời gian",
      "salary": "89.000 - 110.000",
      "timeWork": "Trên 12 năm",
      "description": "Trưởng phòng nhân sự chịu trách nhiệm về các chính sách, hoạt động và nhân viên của phòng nhân sự. Họ đóng góp vào chiến lược tổng thể của công ty bằng cách tư vấn cho hội đồng quản trị về những tác động nhân sự trong các quyết định của họ.",
      "responsibility": [
        "Phát triển và thực hiện các chiến lược, chính sách và chương trình nhân sự hỗ trợ các mục tiêu kinh doanh, tầm nhìn và giá trị của tổ chức.",
        "Làm việc với quản lý cấp cao để xác định các ưu tiên và cơ hội nhân sự, đồng thời phát triển và thực hiện các kế hoạch nhân sự hỗ trợ các mục tiêu của tổ chức.",
        "Cung cấp khả năng lãnh đạo và hỗ trợ cho nhóm nhân sự đồng thời thúc đẩy văn hóa học hỏi, phát triển và cải tiến liên tục."
      ],
      "capacity": {
        "label": [
          "Thiết kế và phát triễn tổ chức",
          "Giải quyết vấn đề",
          "Khả năng lãnh đạo",
          "Kỹ luật",
          "Quản lý và thu hút nhân tài"
        ],
        "series": [
          {
            "type": "area",
            "name": "Năng lực",
            "data": [4, 4, 5, 5, 3]
          }
        ]
      },
      "waysWorking": [
        {
          "key": "A1",
          "title": "Head of HR",
          "parent": "null",
          "type": "head"
        },
        {
          "key": "A11",
          "title": "Davisional/Regional HR Head",
          "parent": "A1",
          "type": "main"
        },
        {
          "key": "A12",
          "title": "HR Director",
          "parent": "A1",
          "type": "child"
        },
        {
          "key": "A13",
          "title": "Head of Employee Experience",
          "parent": "A1",
          "type": "main"
        },
        {
          "key": "A111",
          "title": "HR Director",
          "parent": "A11",
          "type": "child"
        },
        {
          "key": "A121",
          "title": "Chief Diversity Officer",
          "parent": "A12",
          "type": "child"
        },
        {
          "key": "A131",
          "title": "Head of Digital HR",
          "parent": "A13",
          "type": "child"
        },
        {
          "key": "A1111",
          "title": "Chief People Officer (CHRO)",
          "parent": "A111",
          "type": "main"
        },
        {
          "key": "A1311",
          "title": "Chief People Officer (CHRO)",
          "parent": "A131",
          "type": "main"
        }
      ],
      "Courses": [
        {
          "name": "Strategic HR Leadership",
          "type": "courses",
          "typeView": "Khóa học",
          "position": "Leader",
          "time": "3 tháng",
          "descript": "\"Trong sự nghiệp, không ngừng học hỏi và phấn đấu là chìa khóa dẫn đến thành công. Mỗi thử thách đều là cơ hội để vươn xa hơn.”"
        },
        {
          "name": "Organizational Development",
          "type": "certificates",
          "typeView": "Chứng chỉ",
          "position": "Senior",
          "time": "14 ngày",
          "descript": "\"Trong sự nghiệp, không ngừng học hỏi và phấn đấu là chìa khóa dẫn đến thành công. Mỗi thử thách đều là cơ hội để vươn xa hơn.”"
        }
      ]
    }
  },
  {
    "AnnunciatorName": null,
    "JobDescription": null,
    "Cellphone": "01268945",
    "key": "R&D_0",
    "PositionID": null,
    "parent": "PRODUCT",
    "name": "GIÁM ĐỐC DỊCH VỤ KHÁCH HÀNG",
    "code": "Room",
    "title": "",
    "boss": null,
    "imgpath": "assets/images/employee.svg",
    "OrgStructureName": "",
    "category": "root",
    "total": 0,
    "itemArray": [
      {
        "AnnunciatorName": null,
        "boss": null,
        "Cellphone": "0000000",
        "code": "00177",
        "imgpath": "assets/images/anhthe/7.jpg",
        "JobDescription": null,
        "key": "R&D_0_1",
        "name": "MAI XUÂN SÁNG",
        "OrgStructureName": "",
        "parent": "R&D_0",
        "PositionID": null,
        "title": "LEADER",
        "category": "",
        "total": 6
      },
      {
        "AnnunciatorName": null,
        "JobDescription": null,
        "Cellphone": "0000000",
        "key": "R&D_0_7",
        "PositionID": null,
        "parent": "R&D_0_1",
        "category": "",
        "name": "NGUYỄN LÊ XUÂN PHƯỚC",
        "code": "00777",
        "title": "Dev Front-end",
        "boss": null,
        "imgpath": "assets/images/anhthe/3.jpg",
        "OrgStructureName": "",
        "total": 0
      },
      {
        "AnnunciatorName": null,
        "JobDescription": null,
        "Cellphone": "0000000",
        "key": "R&D_0_8",
        "PositionID": null,
        "parent": "R&D_0_2",
        "name": "VÕ ĐỨC KHIÊM",
        "category": "",
        "code": "00xxx",
        "title": "Dev Front-end",
        "boss": null,
        "imgpath": "assets/images/anhthe/7.jpg",
        "OrgStructureName": "",
        "total": 0
      }
    ],
    "data": {
      "name": "Giám đốc dịch vụ khách hàng",
      "orgName": "Phòng ban nhân sự",
      "timeShift": "Toàn thời gian",
      "salary": "89.000 - 110.000",
      "timeWork": "Trên 12 năm",
      "description": "Quản lý, điều phối bộ phận chăm sóc khách hàng thực hiện kế hoạch, chiến lược chào mời đối tác, duy trì mối quan hệ tốt đẹp giữa doanh nghiệp và khách hàng để hai bên cùng hợp tác phát triển cùng có lợi.",
      "responsibility": [
        "Phụ trách mảng doanh số.",
        "Phối hợp với  bộ phận khác để công tác chăm sóc khách hàng diễn ra thuận lợi.",
        "Có giải pháp xử lý vấn đề phát sinh bất thường."
      ],
      "capacity": {
        "label": [
          "Thiết kế và phát triễn tổ chức",
          "Giải quyết vấn đề",
          "Khả năng lãnh đạo",
          "Kỹ luật",
          "Quản lý và thu hút nhân tài"
        ],
        "series": [
          {
            "type": "area",
            "name": "Năng lực",
            "data": [4, 4, 5, 5, 3]
          }
        ]
      },
      "waysWorking": [
        {
          "key": "A1",
          "title": "Giám đốc dịch vụ khách hàng",
          "parent": "null",
          "type": "head"
        },
        {
          "key": "A11",
          "title": "Phó giám đốc điều hành",
          "parent": "A1",
          "type": "main"
        },
        {
          "key": "A12",
          "title": "Giám đốc trung tâm triển khai",
          "parent": "A1",
          "type": "child"
        },
        {
          "key": "A13",
          "title": "Phó tổng giám đốc",
          "parent": "A1",
          "type": "main"
        },
        {
          "key": "A111",
          "title": "Giám đốc điều hành",
          "parent": "A11",
          "type": "child"
        },
        {
          "key": "A121",
          "title": "Phó tổng giám đốc",
          "parent": "A12",
          "type": "child"
        },
        {
          "key": "A131",
          "title": "Tổng giám đốc",
          "parent": "A13",
          "type": "child"
        },
        {
          "key": "A1111",
          "title": "Phó tổng giám đốc",
          "parent": "A111",
          "type": "main"
        }
      ],
      "Courses": [
        {
          "name": "Strategic HR Leadership",
          "type": "courses",
          "typeView": "Khóa học",
          "position": "Leader",
          "time": "3 tháng",
          "descript": "\"Trong sự nghiệp, không ngừng học hỏi và phấn đấu là chìa khóa dẫn đến thành công. Mỗi thử thách đều là cơ hội để vươn xa hơn.”"
        },
        {
          "name": "Organizational Development",
          "type": "certificates",
          "typeView": "Chứng chỉ",
          "position": "Senior",
          "time": "14 ngày",
          "descript": "\"Trong sự nghiệp, không ngừng học hỏi và phấn đấu là chìa khóa dẫn đến thành công. Mỗi thử thách đều là cơ hội để vươn xa hơn.”"
        }
      ]
    }
  },
  {
    "AnnunciatorName": null,
    "boss": null,
    "Cellphone": "0000000",
    "code": "00039",
    "imgpath": "assets/images/employee.svg",
    "JobDescription": null,
    "key": "PRODUCT_D",
    "name": "GIÁM ĐỐC PHÒNG PHÂN TÍCH THIẾT KẾ SẢN PHẨM",
    "category": "",
    "OrgStructureName": "",
    "parent": "PRODUCT",
    "PositionID": null,
    "title": "PRODUCT MANAGER",
    "total": 0,
    "itemArray": [
      {
        "boss": null,
        "Cellphone": "0000000",
        "code": "00039",
        "imgpath": "assets/images/anhthe/3.jpg",
        "JobDescription": null,
        "key": "PRODUCT_711",
        "name": "Vũ Quốc Thiên Đăng",
        "parent": "PRODUCT",
        "category": "",
        "PositionID": null,
        "title": "Thiết kế",
        "total": 8
      }
    ],
    "data": {
      "name": "Trưởng phòng nhân sự",
      "orgName": "Phòng ban nhân sự",
      "timeShift": "Toàn thời gian",
      "salary": "89.000 - 110.000",
      "timeWork": "Trên 12 năm",
      "description": "Trưởng phòng nhân sự chịu trách nhiệm về các chính sách, hoạt động và nhân viên của phòng nhân sự. Họ đóng góp vào chiến lược tổng thể của công ty bằng cách tư vấn cho hội đồng quản trị về những tác động nhân sự trong các quyết định của họ.",
      "responsibility": [
        "Phát triển và thực hiện các chiến lược, chính sách và chương trình nhân sự hỗ trợ các mục tiêu kinh doanh, tầm nhìn và giá trị của tổ chức.",
        "Làm việc với quản lý cấp cao để xác định các ưu tiên và cơ hội nhân sự, đồng thời phát triển và thực hiện các kế hoạch nhân sự hỗ trợ các mục tiêu của tổ chức.",
        "Cung cấp khả năng lãnh đạo và hỗ trợ cho nhóm nhân sự đồng thời thúc đẩy văn hóa học hỏi, phát triển và cải tiến liên tục."
      ],
      "capacity": {
        "label": [
          "Thiết kế và phát triễn tổ chức",
          "Giải quyết vấn đề",
          "Khả năng lãnh đạo",
          "Kỹ luật",
          "Quản lý và thu hút nhân tài"
        ],
        "series": [
          {
            "type": "area",
            "name": "Năng lực",
            "data": [4, 4, 5, 5, 3]
          }
        ]
      },
      "waysWorking": [
        {
          "key": "A1",
          "title": "Giám đốc phòng phân tích thiết kế sản phẩm",
          "parent": "null",
          "type": "head"
        },
        {
          "key": "A11",
          "title": "Giám đốc phòng kiểm tra chất lượng sản phẩm",
          "parent": "A1",
          "type": "main"
        },
        {
          "key": "A12",
          "title": "Giám đốc phòng triển khai dự án",
          "parent": "A1",
          "type": "child"
        },
        {
          "key": "A13",
          "title": "Phó giám đốc điều hành",
          "parent": "A1",
          "type": "main"
        },
        {
          "key": "A111",
          "title": "Phó giám đốc điều hành",
          "parent": "A11",
          "type": "child"
        },
        {
          "key": "A121",
          "title": "Phó giám đốc điều hành",
          "parent": "A12",
          "type": "child"
        },
        {
          "key": "A131",
          "title": "Giám đốc điều hành",
          "parent": "A13",
          "type": "child"
        },
        {
          "key": "A1111",
          "title": "Giám đốc điều hành",
          "parent": "A111",
          "type": "main"
        },
        {
          "key": "A1311",
          "title": "Phó tổng giám đốc",
          "parent": "A131",
          "type": "main"
        }
      ],
      "Courses": [
        {
          "name": "Strategic HR Leadership",
          "type": "courses",
          "typeView": "Khóa học",
          "position": "Leader",
          "time": "3 tháng",
          "descript": "\"Trong sự nghiệp, không ngừng học hỏi và phấn đấu là chìa khóa dẫn đến thành công. Mỗi thử thách đều là cơ hội để vươn xa hơn.”"
        },
        {
          "name": "Organizational Development",
          "type": "certificates",
          "typeView": "Chứng chỉ",
          "position": "Senior",
          "time": "14 ngày",
          "descript": "\"Trong sự nghiệp, không ngừng học hỏi và phấn đấu là chìa khóa dẫn đến thành công. Mỗi thử thách đều là cơ hội để vươn xa hơn.”"
        }
      ]
    }
  }
]
