[
  {
    "Name": "ID",
    "LevelEva": null,
    "Locked": false,
    "OrderColumn": null,
    "RowOnPage": "20",
    "Type": null,
    "Class": null,
    "Required": null,
    "Disable": true,
    "IsReadOnly": null,
    "Filter": false,
    "Format": null,
    "Group": false,
    "HeaderKey": "ID",
    "HeaderName": "ID",
    "HeaderNameVN": null,
    "HeaderNameEN": null,
    "Hidden": true,
    "IsShow": true,
    "IsMultiColumn": null,
    "MultiColumn": null,
    "IsCollapse": null,
    "Sortable": true,
    "Sum": false,
    "Width": 168,
    "isNumber": false,
    "isBold": null,
    "IsOrderEvaCurrent": null,
    "originColumn": null,
    "IsHiddenConfig": true
  },
  {
    "Name": "ProfileName",
    "LevelEva": null,
    "Locked": false,
    "OrderColumn": null,
    "RowOnPage": "20",
    "Type": null,
    "Class": null,
    "Required": null,
    "Disable": true,
    "IsReadOnly": null,
    "Filter": false,
    "Format": null,
    "Group": false,
    "HeaderKey": "attendance.leaveDay.grid.employee",
    "HeaderName": "attendance.manager.staff",
    "HeaderNameVN": null,
    "HeaderNameEN": null,
    "Hidden": false,
    "IsShow": true,
    "IsMultiColumn": null,
    "MultiColumn": null,
    "IsCollapse": null,
    "Sortable": true,
    "Sum": false,
    "Width": 200,
    "isNumber": false,
    "isBold": null,
    "IsOrderEvaCurrent": null,
    "originColumn": null,
    "IsHiddenConfig": false
  },
  {
    "Name": "DateStart",
    "LevelEva": null,
    "Locked": false,
    "OrderColumn": null,
    "RowOnPage": null,
    "Type": null,
    "Class": null,
    "Required": null,
    "Disable": true,
    "IsReadOnly": null,
    "Filter": false,
    "Format": null,
    "Group": false,
    "HeaderKey": "attendance.leaveDay.grid.dataRegister",
    "HeaderName": "attendance.manageForm.dataRegister",
    "HeaderNameVN": null,
    "HeaderNameEN": null,
    "Hidden": false,
    "IsShow": true,
    "IsMultiColumn": null,
    "MultiColumn": null,
    "IsCollapse": null,
    "Sortable": true,
    "Sum": false,
    "Width": 250,
    "isNumber": false,
    "isBold": null,
    "IsOrderEvaCurrent": null,
    "originColumn": null,
    "IsHiddenConfig": false
  },
  {
    "Name": "LeaveDays",
    "LevelEva": null,
    "Locked": false,
    "OrderColumn": null,
    "RowOnPage": null,
    "Type": null,
    "Class": null,
    "Required": null,
    "Disable": true,
    "IsReadOnly": null,
    "Filter": false,
    "Format": null,
    "Group": false,
    "HeaderKey": "attendance.leaveDay.grid.leaveday",
    "HeaderName": "Thời gian nghỉ",
    "HeaderNameVN": null,
    "HeaderNameEN": null,
    "Hidden": false,
    "IsShow": true,
    "IsMultiColumn": null,
    "MultiColumn": null,
    "IsCollapse": null,
    "Sortable": true,
    "Sum": false,
    "Width": 100,
    "isNumber": false,
    "isBold": null,
    "IsOrderEvaCurrent": null,
    "originColumn": null,
    "IsHiddenConfig": false
  },
  {
    "Name": "DataNote",
    "LevelEva": null,
    "Locked": false,
    "OrderColumn": null,
    "RowOnPage": null,
    "Type": null,
    "Class": null,
    "Required": null,
    "Disable": true,
    "IsReadOnly": null,
    "Filter": false,
    "Format": null,
    "Group": false,
    "HeaderKey": "attendance.leaveDay.grid.reason",
    "HeaderName": "attendance.manager.reason",
    "HeaderNameVN": null,
    "HeaderNameEN": null,
    "Hidden": false,
    "IsShow": true,
    "IsMultiColumn": null,
    "MultiColumn": null,
    "IsCollapse": null,
    "Sortable": true,
    "Sum": false,
    "Width": 200,
    "isNumber": false,
    "isBold": null,
    "IsOrderEvaCurrent": null,
    "originColumn": null,
    "IsHiddenConfig": false
  },
  {
    "Name": "StatusView",
    "LevelEva": null,
    "Locked": false,
    "OrderColumn": null,
    "RowOnPage": null,
    "Type": null,
    "Class": null,
    "Required": null,
    "Disable": true,
    "IsReadOnly": null,
    "Filter": false,
    "Format": null,
    "Group": false,
    "HeaderKey": "attendance.leaveDay.grid.status",
    "HeaderName": "attendance.business.status",
    "HeaderNameVN": null,
    "HeaderNameEN": null,
    "Hidden": false,
    "IsShow": true,
    "IsMultiColumn": null,
    "MultiColumn": null,
    "IsCollapse": null,
    "Sortable": true,
    "Sum": false,
    "Width": 150,
    "isNumber": false,
    "isBold": null,
    "IsOrderEvaCurrent": null,
    "originColumn": null,
    "IsHiddenConfig": false
  },
  {
    "Name": "ButtonApproved",
    "LevelEva": null,
    "Locked": false,
    "OrderColumn": null,
    "RowOnPage": null,
    "Type": null,
    "Class": null,
    "Required": null,
    "Disable": true,
    "IsReadOnly": null,
    "Filter": false,
    "Format": null,
    "Group": false,
    "HeaderKey": "",
    "HeaderName": "",
    "HeaderNameVN": null,
    "HeaderNameEN": null,
    "Hidden": false,
    "IsShow": true,
    "IsMultiColumn": null,
    "MultiColumn": null,
    "IsCollapse": null,
    "Sortable": true,
    "Sum": false,
    "Width": 100,
    "isNumber": false,
    "isBold": null,
    "IsOrderEvaCurrent": null,
    "originColumn": null,
    "Sticky": true,
    "IsHiddenConfig": false
  },
  {
    "Name": "Hidden",
    "HeaderKey": "",
    "Width": 10,
    "Hidden": true,
    "OrderColumn": null,
    "RowOnPage": null,
    "Group": false,
    "Locked": false,
    "Sortable": true,
    "IsHiddenConfig": true
  }
]
