{
  "E_LEAVEDAY": [
    {
      "type": "E_STATUS",
      "translateKey": "detailedDrawer.Status",
      "order": 1,
      "hidden": false,
      "config": null
    },
    {
      "type": "E_EMP_INFORMATION",
      "translateKey": "detailedDrawer.Employee",
      "order": 2,
      "hidden": false,
      "config": null
    },
    {
      "type": "E_DETAILS_VIEW",
      "translateKey": "attendance.common.detailsForm",
      "order": 3,
      "hidden": false,
      "config": [
        {
          "title": "Chi tiết đơn từ",
          "translateKey": "attendance.common.detailsForm",
          "subTitle": "",
          "icon": "assets/icon/drawer-detailed/default-info.svg",
          "fieldName": "SingleWordDetail",
          "order": 1,
          "config": [
            {
              "id": "07e17db0-362a-4958-908-aae8dd7c782c",
              "fieldName": "LeaveDayTypeName",
              "displayName": "Loại phép",
              "translateKey": "attendance.leaveDay.LeaveDayType",
              "hidden": false,
              "order": 1,
              "value": null,
              "value_Old": null,
              "format": "dd/MM/yyyy",
              "type": "DateTime"
            },
            {
              "id": "07e17db0-362a-4958-90c8-aae8d7c782c",
              "fieldName": "RegisterDate",
              "displayName": "Đăng ký ngày nghỉ",
              "translateKey": "attendance.leaveDay.registerDate",
              "hidden": false,
              "order": 2,
              "format": "dd/MM/yyyy",
              "type": "DateRange",
              "value": null,
              "value_Old": null
            },
            {
              "id": "07e17db0362a-4958-90c8-aae8dd7c782c",
              "fieldName": "DurationTypeView",
              "displayName": "Loại đăng ký",
              "translateKey": "attendance.leaveDay.registerType",
              "hidden": false,
              "order": 3,
              "format": null,
              "type": null,
              "value": null,
              "value_Old": null
            },
            {
              "id": "07e17db0-362a-4958-90c8aae8dd7c782c",
              "fieldName": "LeaveHours",
              "displayName": "Tổng thời gian nghỉ",
              "translateKey": "attendance.leaveDay.totalLeaveDayV2",
              "hidden": false,
              "order": 4,
              "type": "Number",
              "value": null,
              "value_Old": null
            },
            {
              "id": "07e17db0-362a-4958-90c8-aae8dd7c78c",
              "fieldName": "Specialization",
              "displayName": "Loại lý do nghỉ",
              "translateKey": "attendance.leaveDay.reasonLeaveType",
              "hidden": true,
              "order": 5,
              "type": null,
              "value": null,
              "value_Old": null
            },
            {
              "id": "07e17db0-362a-4958-90c8-aae8d7c782c",
              "fieldName": "HoursFrom",
              "displayName": "Giờ bắt đầu (nghỉ)",
              "translateKey": "attendance.leaveDay.timesIn",
              "hidden": false,
              "order": 6,
              "type": "DateTime",
              "format": "HH:mm",
              "value_Old": null,
              "value": null
            },
            {
              "id": "07e17db0-36-4958-90c8-aae8dd7c782c",
              "fieldName": "HoursTo",
              "displayName": "Giờ kết thúc (nghỉ)",
              "translateKey": "attendance.leaveDay.timesOut",
              "hidden": false,
              "order": 7,
              "type": "DateTime",
              "format": "HH:mm",
              "value": null,
              "value_Old": null
            },
            {
              "id": "07e17b0-362a-4958-90c8-aae8dd7c782c",
              "fieldName": "FileAttachment",
              "displayName": "File",
              "translateKey": "humanResources.contractHistory.attachment",
              "hidden": false,
              "order": 999,
              "type": "File",
              "value": null,
              "value_Old": null
            },
            {
              "id": "c66fb909-9311-44d3-89f7-d0567ede8453",
              "fieldName": "EmergencyLeave",
              "displayName": "Nghỉ phép khẩn cấp",
              "translateKey": "attendance.leaveDay.grid.EmergencyLeave",
              "hidden": true,
              "order": 999,
              "format": null,
              "type": null,
              "value": null,
              "value_Old": null
            },
            {
              "id": "71227e0d-8d99-4376-81b6-26e08c89a4d7",
              "fieldName": "ToNeedAReplacement",
              "displayName": "Cần người thay thế",
              "translateKey": "attendance.leaveDay.grid.ToNeedAReplacement",
              "hidden": true,
              "order": 999,
              "format": null,
              "type": null,
              "value": null,
              "value_Old": null
            },
            {
              "id": "71227e0d-8d99-4376-81b6-26e08c89a4d7",
              "fieldName": "SubstituteName",
              "displayName": "Người thay thế",
              "translateKey": "attendance.leaveDay.grid.substitute",
              "hidden": true,
              "order": 999,
              "format": null,
              "type": null,
              "value": null,
              "value_Old": null
            }
          ]
        }
      ]
    },
    {
      "type": "E_PROCESS_APPROVED",
      "translateKey": "detailedDrawer.ApprovalProcess",
      "order": 4,
      "hidden": false,
      "config": null
    }
  ],
  "E_OVERTIMEPLAN": [
    {
      "type": "E_STATUS",
      "translateKey": "detailedDrawer.Status",
      "order": 1,
      "config": null
    },
    {
      "type": "E_EMP_INFORMATION",
      "translateKey": "detailedDrawer.Employee",
      "order": 2,
      "config": null
    },
    {
      "type": "E_DETAILS_VIEW",
      "translateKey": "attendance.common.detailsForm",
      "order": 3,
      "config": [
        {
          "title": "Chi tiết đơn từ",
          "translateKey": "attendance.common.detailsForm",
          "subTitle": "",
          "icon": "assets/icon/drawer-detailed/default-info.svg",
          "fieldName": "SingleWordDetail",
          "order": 1,
          "config": [
            {
              "id": "07e17db0-a-4958-90c8-aae8dd7c782c",
              "fieldName": "MethodPaymentView",
              "displayName": "Phương thức thanh toán",
              "translateKey": "attendance.manager.methodPayment",
              "hidden": false,
              "order": 1,
              "value": null,
              "value_Old": null,
              "format": null,
              "type": null
            },
            {
              "id": "07e17db0-362a-8-90c8-aae8dd7c782c",
              "fieldName": "WorkDate",
              "displayName": "Ngày đăng ký",
              "translateKey": "attendance.manager.registerDate",
              "hidden": false,
              "order": 2,
              "format": "dd/MM/yyyy",
              "type": "DateTime",
              "value": null,
              "value_Old": null
            },
            {
              "id": "07e17db0-362a-4958-90c8-add7c782c",
              "fieldName": "DurationTypeView",
              "displayName": "Loại tăng ca",
              "translateKey": "attendance.manager.typeRegister",
              "hidden": false,
              "order": 3,
              "format": null,
              "type": null,
              "value": null,
              "value_Old": null
            },
            {
              "id": "07e17db0362a-495-90c8-aae8dd7c782c",
              "fieldName": "StrRegisterHours",
              "displayName": "Thời gian tăng ca",
              "translateKey": "attendance.manager.totalTimeOvertime",
              "hidden": false,
              "order": 3,
              "format": null,
              "type": null,
              "value": null,
              "value_Old": null
            },
            {
              "id": "07e17db0-362a-495-90c8-aae8dd7782c",
              "fieldName": "TimeFrom",
              "displayName": "Thời gian bắt đầu",
              "translateKey": "attendance.manager.timeStart",
              "hidden": false,
              "order": 4,
              "format": "HH:mm",
              "type": "DateTime",
              "value": null,
              "value_Old": null
            },
            {
              "id": "07e17db0-362a-958-90c8-aae8d7c782c",
              "fieldName": "TimeTo",
              "displayName": "Thời gian kết thúc",
              "translateKey": "attendance.manager.timeEnd",
              "hidden": false,
              "order": 5,
              "format": "HH:mm",
              "type": "DateTime",
              "value": null,
              "value_Old": null
            },
            {
              "id": "07e17db0-362a-958-90c8-aae8d7c782c",
              "fieldName": "ShiftNameCode",
              "displayName": "Ca",
              "translateKey": "attendance.overtime.shift",
              "hidden": true,
              "order": 5,
              "format": "HH:mm",
              "type": "DateTime",
              "value": null,
              "value_Old": null
            },
            {
              "id": "07e17db0-362a-958-90c8-aae8d7c782c",
              "fieldName": "OvertimeTypeName",
              "displayName": "Loại tăng ca",
              "translateKey": "attendance.overtime.overtimeType",
              "hidden": false,
              "order": 5,
              "format": null,
              "type": null,
              "value": null,
              "value_Old": null
            },
            {
              "id": "07e17db0-362a-958-90c8-aae8d7c782c",
              "fieldName": "ConfirmHours",
              "displayName": "Giờ xác nhận",
              "translateKey": "attendance.overtime.timeConfirm",
              "hidden": false,
              "order": 5,
              "format": "HH:mm",
              "type": "DateTime",
              "value": null,
              "value_Old": null
            },
            {
              "id": "07e17db0-362a-958-90c8-aae8d7c782c",
              "fieldName": "OvertimeReason",
              "displayName": "Lý do tăng ca",
              "translateKey": "attendance.manager.reasonOvertime",
              "hidden": true,
              "order": 5,
              "format": "HH:mm",
              "type": "DateTime",
              "value": null,
              "value_Old": null
            },
            {
              "id": "07e17db0-362a-4958-90c8-aae8c782c",
              "fieldName": "ReasonOT",
              "displayName": "Lý do chi tiết",
              "translateKey": "attendance.manageForm.detailReason",
              "hidden": true,
              "order": 999,
              "type": "Editor",
              "value": null,
              "value_Old": null
            },
            {
              "id": "07e17db0-362a-4958-90c8-aae8c782c",
              "fieldName": "FileAttachment",
              "displayName": "File",
              "translateKey": "humanResources.contractHistory.attachment",
              "hidden": false,
              "order": 999,
              "type": "File",
              "value": null,
              "value_Old": null
            }
          ]
        },
        {
          "title": "Thông tin khác",
          "translateKey": "attendance.manager.anotherInfo",
          "subTitle": "",
          "icon": "assets/icon/drawer-detailed/default-info.svg",
          "fieldName": "OtherInformation",
          "order": 1,
          "config": [
            {
              "id": "07e17dsb0-362a-4958-90c8-aae8dd7c782c",
              "fieldName": "IsUnitAssistant",
              "displayName": "Chuyển TLĐV",
              "translateKey": "attendance.manager.changeTLDV",
              "hidden": false,
              "order": 1,
              "value": null,
              "value_Old": null,
              "format": null,
              "type": "Checkbox-Text"
            },
            {
              "id": "07e17db0-362a-f4958-90c8-aae8dd7c782c",
              "fieldName": "IsRequestForBenefit",
              "displayName": "Yêu cầu thanh toán",
              "translateKey": "attendance.manager.requestPayment",
              "hidden": false,
              "order": 2,
              "format": null,
              "type": "Checkbox-Text",
              "value": null,
              "value_Old": null
            },
            {
              "id": "07e17db0-362a-4958-90cư8-aae8dd7c782c",
              "fieldName": "IsSignUpToEat",
              "displayName": "Đăng ký ăn ngoài giờ",
              "translateKey": "attendance.manager.eatRegister",
              "hidden": false,
              "order": 3,
              "format": null,
              "type": "Checkbox-Text",
              "value": null,
              "value_Old": null
            },
            {
              "id": "07e17db0-362a-495q8-90c8-aae8dd7c782c",
              "fieldName": "IsRequestEntryExitGate",
              "displayName": "Yêu cầu ra/vào cổng",
              "translateKey": "attendance.manager.requestInOut",
              "hidden": false,
              "order": 3,
              "format": null,
              "type": "Checkbox-Text",
              "value": null,
              "value_Old": null
            },
            {
              "id": "07e17db0-362a-4958-90c8-aae8dd73c782c",
              "fieldName": "BusinessUnitTypeView",
              "displayName": "Loại đơn vị kinh doanh",
              "translateKey": "attendance.manager.typeBusinessUnit",
              "hidden": false,
              "order": 4,
              "format": null,
              "type": null,
              "value": null,
              "value_Old": null
            },
            {
              "id": "07e17db0-362a-4958-2290c8-aae8dd7c782c",
              "fieldName": "BusinessUnitView",
              "displayName": "Loại kinh doanh",
              "translateKey": "attendance.manager.typeBusiness",
              "hidden": false,
              "order": 5,
              "format": null,
              "type": null,
              "value": null,
              "value_Old": null
            },
            {
              "id": "07e17db0-362a-4958-90c448-aae8dd7c782c",
              "fieldName": "SendToView",
              "displayName": "Gửi đến",
              "translateKey": "attendance.manager.sendTo",
              "hidden": false,
              "order": 6,
              "format": null,
              "type": null,
              "value": null,
              "value_Old": null
            },
            {
              "id": "07e17db0-362a-4958-9011c8-aae8dd7c782c",
              "fieldName": "OvertimeArea",
              "displayName": "Khu vực làm ngoài giờ",
              "translateKey": "attendance.manager.areaOvertime",
              "hidden": false,
              "order": 6,
              "format": null,
              "type": null,
              "value": null,
              "value_Old": null
            },
            {
              "id": "07e17db0-362a-4958-9011c8-aae8dd7c782c",
              "fieldName": "ShiftOverTimeplanView",
              "displayName": "Tăng ca tự sinh theo ca",
              "translateKey": "attendance.overtime.AutoCreateOvePlan",
              "hidden": true,
              "order": 8,
              "format": null,
              "type": null,
              "value": null,
              "value_Old": null
            }
          ]
        }
      ]
    },
    {
      "type": "E_PROCESS_APPROVED",
      "translateKey": "detailedDrawer.ApprovalProcess",
      "order": 4,
      "config": null
    }
  ],
  "E_TAMSCANLOGREGISTER": [
    {
      "type": "E_STATUS",
      "translateKey": "detailedDrawer.Status",
      "order": 1,
      "config": null
    },
    {
      "type": "E_EMP_INFORMATION",
      "translateKey": "detailedDrawer.Employee",
      "order": 2,
      "config": null
    },
    {
      "type": "E_DETAILS_VIEW",
      "translateKey": "attendance.common.detailsForm",
      "order": 3,
      "config": [
        {
          "title": "Chi tiết đơn từ",
          "translateKey": "attendance.common.detailsForm",
          "subTitle": "",
          "icon": "assets/icon/drawer-detailed/default-info.svg",
          "fieldName": "SingleWordDetail",
          "order": 1,
          "config": [
            {
              "id": "07e17db0-362a-4958-90c8-aaec8dd7c782c",
              "fieldName": "TimeLog",
              "displayName": "Ngày quên chấm công",
              "translateKey": "attendance.tamScanLog.forgottenTimekeepingDate",
              "hidden": false,
              "order": 1,
              "value": null,
              "value_Old": null,
              "format": "dd/MM/yyyy",
              "type": "DateTime"
            },
            {
              "id": "07e17db0-362a-x4958-90c8-aae8dd7c782c",
              "fieldName": "WorkPlaceName",
              "displayName": "Nơi làm việc",
              "translateKey": "attendance.tamScanLog.placeWork",
              "hidden": false,
              "order": 2,
              "value": null,
              "format": null,
              "type": null,
              "value_Old": null
            },
            {
              "id": "07e17db0-362a-4958-90c8-bxaae8dd7c782c",
              "fieldName": "TimeLog",
              "displayName": "Thời gian",
              "translateKey": "attendance.tamScanLog.timeLog",
              "hidden": false,
              "order": 3,
              "format": "HH:mm",
              "type": "DateTime",
              "value": null,
              "value_Old": null
            },
            {
              "id": "07e17db0-362a-4958-90c8-aae8xbdd7c782c",
              "fieldName": "TAMScanReasonMissName",
              "displayName": "Thời gian tăng ca",
              "translateKey": "attendance.tamScanLog.reasonsForgetting",
              "hidden": false,
              "order": 3,
              "format": null,
              "type": null,
              "value": null,
              "value_Old": null
            },
            {
              "id": "07e17db0-362a-4958-90cxb8-aae8dd7c782c",
              "fieldName": "FileAttachment",
              "displayName": "File",
              "translateKey": "humanResources.contractHistory.attachment",
              "hidden": false,
              "order": 999,
              "type": "File",
              "value": null,
              "value_Old": null
            }
          ]
        }
      ]
    },
    {
      "type": "E_PROCESS_APPROVED",
      "translateKey": "detailedDrawer.ApprovalProcess",
      "order": 4,
      "config": null
    }
  ],
  "E_BUSINESSTRAVEL": [
    {
      "type": "E_STATUS",
      "translateKey": "detailedDrawer.Status",
      "order": 1,
      "config": null
    },
    {
      "type": "E_EMP_INFORMATION",
      "translateKey": "detailedDrawer.Employee",
      "order": 2,
      "config": null
    },
    {
      "type": "E_DETAILS_VIEW",
      "translateKey": "attendance.common.detailsForm",
      "order": 3,
      "config": [
        {
          "title": "Chi tiết đơn từ",
          "translateKey": "attendance.common.detailsForm",
          "subTitle": "",
          "icon": "assets/icon/drawer-detailed/default-info.svg",
          "fieldName": "SingleWordDetail",
          "order": 1,
          "config": [
            {
              "id": "07xe17db0-362a-4958-90c8-aae8dd7c782c",
              "fieldName": "RegisterDate",
              "displayName": "Ngày đi công tác",
              "translateKey": "attendance.business.registerDay",
              "hidden": false,
              "order": 1,
              "value": null,
              "value_Old": null,
              "format": "dd/MM/yyyy",
              "type": "DateRange"
            },
            {
              "id": "07ebb17db0-362a-4958-90c8-aae8dd7c782c",
              "fieldName": "BusinessTravelName",
              "displayName": "Loại công tác",
              "translateKey": "attendance.business.businessType",
              "hidden": false,
              "order": 2,
              "value": null,
              "format": null,
              "type": null,
              "value_Old": null
            },
            {
              "id": "07e1c7db0-362a-4958-90c8-aae8dd7c782c",
              "fieldName": "DurationTypeView",
              "displayName": "Loại đăng ký",
              "translateKey": "attendance.business.typeRequest",
              "hidden": false,
              "order": 3,
              "format": null,
              "type": null,
              "value": null,
              "value_Old": null
            },
            {
              "id": "07e17dcvb0-362a-4958-90c8-aae8dd7c782c",
              "fieldName": "PlaceSendToName",
              "displayName": "Nơi gửi đến",
              "translateKey": "attendance.business.sendTo",
              "hidden": false,
              "order": 4,
              "format": null,
              "type": null,
              "value": null,
              "value_Old": null
            },
            {
              "id": "07e17dfghb0-362a-4958-90c8-aae8dd7c782c",
              "fieldName": "BusinessTripReasonName",
              "displayName": "Loại lý do đi công tác",
              "translateKey": "attendance.business.typeReasonBusiness",
              "hidden": false,
              "order": 5,
              "format": null,
              "type": null,
              "value": null,
              "value_Old": null
            },
            {
              "id": "07e17db0-362a-4958-90c8h-aae8dd7c782c",
              "fieldName": "PlaceFrom",
              "displayName": "Nơi đi",
              "translateKey": "attendance.business.placeFrom",
              "hidden": false,
              "order": 6,
              "format": null,
              "type": null,
              "value": null,
              "value_Old": null
            },
            {
              "id": "07e17db0-362a-4gg958-90c8-aae8dd7c782c",
              "fieldName": "PlaceTo",
              "displayName": "Nơi đến",
              "translateKey": "attendance.business.placeTo",
              "hidden": false,
              "order": 7,
              "format": null,
              "type": null,
              "value": null,
              "value_Old": null
            },
            {
              "id": "07e17db0-362a-49sa58-90c8-aae8dd7c7ư82c",
              "fieldName": "FileAttachment",
              "displayName": "File",
              "translateKey": "humanResources.contractHistory.attachment",
              "hidden": false,
              "order": 999,
              "type": "File",
              "value": null,
              "value_Old": null
            }
          ]
        }
      ]
    },
    {
      "type": "E_PROCESS_APPROVED",
      "translateKey": "detailedDrawer.ApprovalProcess",
      "order": 4,
      "config": null
    }
  ],
  "E_LATEEARLYALLOWED": [
    {
      "type": "E_STATUS",
      "translateKey": "detailedDrawer.Status",
      "order": 1,
      "config": null
    },
    {
      "type": "E_EMP_INFORMATION",
      "translateKey": "detailedDrawer.Employee",
      "order": 2,
      "config": null
    },
    {
      "type": "E_DETAILS_VIEW",
      "translateKey": "attendance.common.detailsForm",
      "order": 3,
      "config": [
        {
          "title": "Chi tiết đơn từ",
          "translateKey": "attendance.common.detailsForm",
          "subTitle": "",
          "icon": "assets/icon/drawer-detailed/default-info.svg",
          "fieldName": "SingleWordDetail",
          "order": 1,
          "config": [
            {
              "id": "07e17db0-362a-4958-90c8-aae8sadd7c782c",
              "fieldName": "WorkDate",
              "displayName": "Ngày đăng ký",
              "translateKey": "attendance.lateEarly.dayRegister",
              "hidden": false,
              "order": 1,
              "value": null,
              "value_Old": null,
              "format": "dd/MM/yyyy",
              "type": "DateRange"
            },
            {
              "id": "07e17db0-362ưa-4958-90c8-aae8dd7c782c",
              "fieldName": "LateEarlyTypeView",
              "displayName": "Loại",
              "translateKey": "attendance.lateEarly.type",
              "hidden": false,
              "order": 2,
              "value": null,
              "format": null,
              "type": null,
              "value_Old": null
            },
            {
              "id": "07e17db0-362a-4958-90c28-aae8dd7c782c",
              "fieldName": "LateEarlyMinutes",
              "displayName": "Thời gian trễ sớm",
              "translateKey": "attendance.lateEarly.timeLateEarly",
              "hidden": false,
              "order": 3,
              "format": null,
              "type": null,
              "value": null,
              "value_Old": null
            },
            {
              "id": "07e17d123b0-362a-4958-90c8-aae8dd7c782c",
              "fieldName": "WorkPlaceName",
              "displayName": "Nơi làm việc",
              "translateKey": "attendance.tamScanLog.placeWork",
              "hidden": true,
              "order": 3,
              "format": null,
              "type": null,
              "value": null,
              "value_Old": null
            },
            {
              "id": "07e17db0-362a-4958-90c58-aae8dd7c782c",
              "fieldName": "OvertimeResonName",
              "displayName": "Loại lý do",
              "translateKey": "attendance.lateEarly.typeReason",
              "hidden": false,
              "order": 3,
              "format": null,
              "type": null,
              "value": null,
              "value_Old": null
            },
            {
              "id": "07e17db0-3462a-4958-90c8-aae8dd7c782c",
              "fieldName": "Attachment",
              "displayName": "File",
              "translateKey": "humanResources.managePersonnelRecords.tab.Attachment",
              "hidden": false,
              "order": 999,
              "type": "File",
              "value": null,
              "value_Old": null
            }
          ]
        }
      ]
    },
    {
      "type": "E_PROCESS_APPROVED",
      "translateKey": "detailedDrawer.ApprovalProcess",
      "order": 4,
      "config": null
    }
  ],
  "E_CHANGE_SHIFT": [
    {
      "type": "E_STATUS",
      "translateKey": "detailedDrawer.Status",
      "order": 1,
      "hidden": false,
      "config": null
    },
    {
      "type": "E_EMP_INFORMATION",
      "translateKey": "detailedDrawer.Employee",
      "order": 2,
      "hidden": false,
      "config": null
    },
    {
      "type": "E_DETAILS_VIEW",
      "translateKey": "attendance.common.detailsForm",
      "order": 3,
      "hidden": false,
      "config": [
        {
          "title": "Thông tin đơn từ",
          "translateKey": "attendance.changeShift.changeShiftInfo",
          "subTitle": "",
          "icon": "assets/icon/drawer-detailed/default-info.svg",
          "fieldName": "DetailChangeShift",
          "order": 1,
          "config": [
            {
              "id": "07e17db0-362a-4958-908-aae8dd7c782c",
              "fieldName": "TypeView",
              "displayName": "Loại",
              "translateKey": "attendance.changeShift.type",
              "hidden": false,
              "order": 1,
              "value": "attendance.changeShift.changeShifts",
              "value_Old": null,
              "format": null,
              "type": null
            },
            {
              "id": "07e17db0-362a-4958-90c8-aae8d7c782c",
              "fieldName": "ChangeShiftTypeView",
              "displayName": "Loại đăng ký",
              "translateKey": "attendance.changeShift.typeView",
              "hidden": false,
              "order": 2,
              "format": null,
              "type": null,
              "value": null,
              "value_Old": null
            },
            {
              "id": "07e17db0362a-4958-90c8-aae8dd7c782c",
              "fieldName": "StrDate",
              "displayName": "Ngày đổi ca",
              "translateKey": "attendance.changeShift.changeShiftDate",
              "hidden": false,
              "order": 3,
              "format": null,
              "type": null,
              "value": null,
              "value_Old": null
            },
            {
              "id": "07e17db0-362a-4958-90c8aae8dd7c782c",
              "fieldName": "ListChangeShift",
              "displayName": "Ca hiện tại - Ca thay thế",
              "translateKey": "attendance.changeShift.currentReplacementShift",
              "hidden": false,
              "order": 4,
              "format": null,
              "type": "Array",
              "fieldArray": "Shift",
              "value": null,
              "value_Old": null
            },
            {
              "id": "07e17db0-362a-4958-90c8-aae8dd7c78c",
              "fieldName": "Comment",
              "displayName": "Lý do",
              "translateKey": "attendance.changeShift.reason",
              "hidden": false,
              "order": 5,
              "type": null,
              "value": null,
              "value_Old": null
            },
            {
              "id": "07e17db0-362a-4958-90c8-aae8dd7c782c",
              "fieldName": "FileAttach",
              "displayName": "",
              "translateKey": "humanResources.contractHistory.attachment",
              "hidden": false,
              "order": 999,
              "format": null,
              "type": "File",
              "value": null,
              "value_Old": null
            }
          ]
        }
      ]
    },
    {
      "type": "E_PROCESS_APPROVED",
      "translateKey": "detailedDrawer.ApprovalProcess",
      "order": 4,
      "hidden": false,
      "config": null
    }
  ],
  "E_SCHEDULE": [
    {
      "type": "E_STATUS",
      "translateKey": "detailedDrawer.Status",
      "order": 1,
      "hidden": false,
      "config": null
    },
    {
      "type": "E_EMP_INFORMATION",
      "translateKey": "detailedDrawer.Employee",
      "order": 2,
      "hidden": false,
      "config": null
    },
    {
      "type": "E_DETAILS_VIEW",
      "translateKey": "attendance.common.detailsForm",
      "order": 3,
      "hidden": false,
      "config": [
        {
          "title": "Thông tin đơn từ",
          "translateKey": "attendance.changeShift.changeShiftInfo",
          "subTitle": "",
          "icon": "assets/icon/drawer-detailed/default-info.svg",
          "fieldName": "DetailChangeShift",
          "order": 1,
          "config": [
            {
              "id": "07e17db0-362a-4958-908-aae8dd7c782c",
              "fieldName": "TypeView",
              "displayName": "Loại",
              "translateKey": "attendance.changeShift.type",
              "hidden": false,
              "order": 1,
              "value": "attendance.changeShift.changeShifts",
              "value_Old": null,
              "format": null,
              "type": null
            },
            {
              "id": "07e17db0-362a-4958-90c8-aae8d7c782c",
              "fieldName": "ChangeShiftTypeView",
              "displayName": "Loại đăng ký",
              "translateKey": "attendance.changeShift.typeView",
              "hidden": false,
              "order": 2,
              "format": null,
              "type": null,
              "value": null,
              "value_Old": null
            },
            {
              "id": "07e17db0362a-4958-90c8-aae8dd7c782c",
              "fieldName": "StrChangeDate",
              "displayName": "Ngày đổi ca",
              "translateKey": "attendance.changeShift.changeShiftDate",
              "hidden": false,
              "order": 3,
              "format": null,
              "type": null,
              "value": null,
              "value_Old": null
            },
            {
              "id": "07e17db0362a-4958-90c8-aae8dd7c782c",
              "fieldName": "StrAlternateDate",
              "displayName": "Ngày thay thế",
              "translateKey": "attendance.changeShift.replacementDate",
              "hidden": false,
              "order": 4,
              "format": null,
              "type": null,
              "value": null,
              "value_Old": null
            },
            {
              "id": "07e17db0362a-4958-90c8-aae8dd7c782c",
              "fieldName": "Shift_Old",
              "displayName": "Ca đổi",
              "translateKey": "attendance.changeShift.changeShift",
              "hidden": false,
              "order": 5,
              "format": null,
              "type": null,
              "value": null,
              "value_Old": null
            },
            {
              "id": "07e17db0362a-4958-90c8-aae8dd7c782c",
              "fieldName": "Shift",
              "displayName": "Ca thay thế",
              "translateKey": "attendance.changeShift.shiftsChange",
              "hidden": false,
              "order": 6,
              "format": null,
              "type": null,
              "value": null,
              "value_Old": null
            },
            {
              "id": "07e17db0362a-4958-90c8-aae8dd7c782c",
              "fieldName": "ProfileName",
              "displayName": "Nhân viên đổi ca",
              "translateKey": "attendance.changeShift.employeeChangeShift",
              "hidden": false,
              "order": 7,
              "format": null,
              "type": null,
              "value": null,
              "value_Old": null
            },
            {
              "id": "07e17db0362a-4958-90c8-aae8dd7c782c",
              "fieldName": "ProfileName2",
              "displayName": "Nhân viên thay thế",
              "translateKey": "attendance.changeShift.employeeReplacement",
              "hidden": false,
              "order": 8,
              "format": null,
              "type": null,
              "value": null,
              "value_Old": null
            },
            {
              "id": "07e17db0-362a-4958-90c8-aae8dd7c78c",
              "fieldName": "Comment",
              "displayName": "Lý do",
              "translateKey": "attendance.changeShift.reason",
              "hidden": false,
              "order": 9,
              "type": null,
              "value": null,
              "value_Old": null
            },
            {
              "id": "07e17db0-362a-4958-90c8-aae8dd7c782c",
              "fieldName": "FileAttach",
              "displayName": "",
              "translateKey": "humanResources.contractHistory.attachment",
              "hidden": false,
              "order": 999,
              "format": null,
              "type": "File",
              "value": null,
              "value_Old": null
            }
          ]
        }
      ]
    },
    {
      "type": "E_PROCESS_APPROVED",
      "translateKey": "detailedDrawer.ApprovalProcess",
      "order": 4,
      "hidden": false,
      "config": null
    }
  ],
  "E_PREGNANCY_REGISTER": [
    {
      "type": "E_STATUS",
      "translateKey": "detailedDrawer.Status",
      "order": 1,
      "hidden": false,
      "config": null
    },
    {
      "type": "E_EMP_INFORMATION",
      "translateKey": "detailedDrawer.Employee",
      "order": 2,
      "hidden": false,
      "config": null
    },
    {
      "type": "E_DETAILS_VIEW",
      "translateKey": "attendance.common.detailsForm",
      "order": 3,
      "hidden": false,
      "config": [
        {
          "title": "Thông tin đơn từ",
          "translateKey": "attendance.changeShift.changeShiftInfo",
          "subTitle": "",
          "icon": "assets/icon/drawer-detailed/default-info.svg",
          "fieldName": "SingleDetailPregnancyRegister",
          "order": 1,
          "config": [
            {
              "id": "07e17db0-362a-4958-908-aae8dd7c782c",
              "fieldName": "TypeView",
              "displayName": "Loại Chế độ",
              "translateKey": "HRM_Attendance_PregnancyRegister_Type",
              "hidden": false,
              "order": 1,
              "value": "attendance.changeShift.changeShifts",
              "value_Old": null,
              "format": null,
              "type": null
            },
            {
              "id": "07e17db0-362a-4958-90c8-aae8d7c782c",
              "fieldName": "TypePregnancyEarlyView",
              "displayName": "Loại chính sách",
              "translateKey": "HRM_Attendance_PregnancyRegister_TypePregnancyEarly",
              "hidden": false,
              "order": 2,
              "format": null,
              "type": null,
              "value": null,
              "value_Old": null
            },
            {
              "id": "07e17db0362a-4958-90c8-aae8dd7c782c",
              "fieldName": "DataRegister",
              "displayName": "Thời gian hưởng chế độ",
              "translateKey": "HRM_Attendance_PregnancyRegister_DataRegister",
              "hidden": false,
              "order": 3,
              "format": null,
              "type": null,
              "value": null,
              "value_Old": null
            },
            {
              "id": "07e17db0362a-4958-90c8-aae8dd7c782c",
              "fieldName": "DatePregnacy",
              "displayName": "Ngày mang thai",
              "translateKey": "HRM_Attendance_PregnancyRegister_DatePregnacy",
              "hidden": false,
              "order": 4,
              "format": null,
              "type": null,
              "value": null,
              "value_Old": null
            },
            {
              "id": "07e17db0362a-4958-90c8-aae8dd7c782c",
              "fieldName": "EstimateDueDate",
              "displayName": "Ngày dự sinh",
              "translateKey": "HRM_Attendance_PregnancyRegister_EstimateDueDate",
              "hidden": false,
              "order": 5,
              "format": null,
              "type": null,
              "value": null,
              "value_Old": null
            },
            {
              "id": "07e17db0362a-4958-90c8-aae8dd7c782c",
              "fieldName": "ChildBirthday",
              "displayName": "Ngày sinh",
              "translateKey": "HRM_Attendance_PregnancyRegister_ChildBirthday",
              "hidden": false,
              "order": 6,
              "format": null,
              "type": null,
              "value": null,
              "value_Old": null
            },
            {
              "id": "07e17db0362a-4958-90c8-aae8dd7c782c",
              "fieldName": "YearOfLose",
              "displayName": "Ngày mất",
              "translateKey": "HRM_Attendance_PregnancyRegister_YearOfLose",
              "hidden": false,
              "order": 7,
              "format": null,
              "type": null,
              "value": null,
              "value_Old": null
            },
            {
              "id": "07e17db0362a-4958-90c8-aae8dd7c782c",
              "fieldName": "ChildCareCompUsedTo",
              "displayName": "Ngày hết hạn phép bù nuôi con",
              "translateKey": "HRM_Attendance_PregnancyRegister_ChildCareCompUsedTo",
              "hidden": false,
              "order": 8,
              "format": null,
              "type": null,
              "value": null,
              "value_Old": null
            },
            {
              "id": "07e17db0-362a-4958-90c8-aae8dd7c78c",
              "fieldName": "Comment",
              "displayName": "Ghi chú",
              "translateKey": "HRM_Attendance_PregnancyRegister_Comment",
              "hidden": false,
              "order": 9,
              "type": null,
              "value": null,
              "value_Old": null
            },
            {
              "id": "07e17db0-362a-4958-90c8-aae8dd7c782c",
              "fieldName": "FileAttachment",
              "displayName": "",
              "translateKey": "humanResources.contractHistory.attachment",
              "hidden": false,
              "order": 999,
              "format": null,
              "type": "File",
              "value": null,
              "value_Old": null
            }
          ]
        }
      ]
    },
    {
      "type": "E_PROCESS_APPROVED",
      "translateKey": "detailedDrawer.ApprovalProcess",
      "order": 4,
      "hidden": false,
      "config": null
    }
  ]
}
