[
  {
    "ID": "1",
    "Order": 6,
    "PregnancyType": "E_CHILDCARECOMPENSATION",
    "hidden": false,
    "Title": "Phép bù nuôi con",
    "TranslateKey": "attendance.benefits.E_CHILDCARECOMPENSATION",
    "ApplicableSubjects": {
      "Title": "Đối tượng áp dụng",
      "TranslateKey": "attendance.benefits.ApplicableSubjects",
      "Content": [
        {
          "ID": "1",
          "Title": "Lao động là nữ",
          "TranslateKey": "attendance.benefits.FemaleEmployees"
        },
        {
          "ID": "2",
          "Title": "Có tham gia bảo hiểm xã hội.",
          "TranslateKey": "attendance.benefits.socialInsurance"
        }
      ]
    },
    "BenefitsAndResponsibility": {
      "Title": "Quyền lợi và trách nhiệm",
      "TranslateKey": "attendance.benefits.RightsAndResponsibilities",
      "Content": [
        {
          "ID": "1",
          "Title": "Từ chối làm việc ban đêm, làm thêm giờ, đi công tác xa.",
          "TranslateKey": "attendance.benefits.RightsAndResponsibilitiesContent.a1"
        },
        {
          "ID": "2",
          "Title": "Được chuyển việc hoặc giảm bớt giờ làm.",
          "TranslateKey": "attendance.benefits.RightsAndResponsibilitiesContent.a2"
        },
        {
          "ID": "3",
          "Title": "Không bị chấm dứt hợp đồng vì lý do nuôi con dưới 12 tháng tuổi",
          "TranslateKey": "attendance.benefits.RightsAndResponsibilitiesContent.a3"
        },
        {
          "ID": "4",
          "Title": "Được ưu tiên giao kết hợp đồng lao động mới",
          "TranslateKey": "attendance.benefits.RightsAndResponsibilitiesContent.a4"
        },
        {
          "ID": "5",
          "Title": "Không được xử lý kỷ luật lao động.",
          "TranslateKey": "attendance.benefits.RightsAndResponsibilitiesContent.a5"
        },
        {
          "ID": "6",
          "Title": "Được nghỉ mỗi ngày 60 phút hưởng đủ tiền lương.",
          "TranslateKey": "attendance.benefits.RightsAndResponsibilitiesContent.a6"
        },
        {
          "ID": "7",
          "Title": "Có thời gian nghỉ tối đa 20 ngày làm việc/ con/ năm",
          "TranslateKey": "attendance.benefits.RightsAndResponsibilitiesContent.a7"
        },
        {
          "ID": "8",
          "Title": "Hưởng trợ cấp khi con ốm đau",
          "TranslateKey": "attendance.benefits.RightsAndResponsibilitiesContent.a8"
        }
      ]
    },
    "TimeBenefits": {
      "Title": "Thời gian hưởng chế độ",
      "TranslateKey": "attendance.benefits.DurationOfBenefits",
      "Content": {
        "Title": "Trước và sau khi sinh con 6 tháng.",
        "TranslateKey": "attendance.benefits.DurationOfBenefitsContent"
      }
    }
  },
  {
    "ID": "2",
    "Order": 5,
    "PregnancyType": "E_LEAVE_EARLY",
    "hidden": false,
    "Title": "Đi trễ / về sớm",
    "TranslateKey": "attendance.benefits.E_LEAVE_EARLY",
    "ApplicableSubjects": {
      "Title": "Đối tượng áp dụng",
      "TranslateKey": "attendance.benefits.ApplicableSubjects",
      "Content": [
        {
          "ID": "1",
          "Title": "Lao động là nữ",
          "TranslateKey": "attendance.benefits.FemaleEmployees"
        },
        {
          "ID": "2",
          "Title": "Có tham gia bảo hiểm xã hội.",
          "TranslateKey": "attendance.benefits.socialInsurance"
        }
      ]
    },
    "BenefitsAndResponsibility": {
      "Title": "Quyền lợi và trách nhiệm",
      "TranslateKey": "attendance.benefits.RightsAndResponsibilities",
      "Content": [
        {
          "ID": "1",
          "Title": "Từ chối làm việc ban đêm, làm thêm giờ, đi công tác xa.",
          "TranslateKey": "attendance.benefits.RightsAndResponsibilitiesContent.a1"
        },
        {
          "ID": "2",
          "Title": "Được chuyển việc hoặc giảm bớt giờ làm.",
          "TranslateKey": "attendance.benefits.RightsAndResponsibilitiesContent.a2"
        },
        {
          "ID": "3",
          "Title": "Không bị chấm dứt hợp đồng vì lý do nuôi con dưới 12 tháng tuổi",
          "TranslateKey": "attendance.benefits.RightsAndResponsibilitiesContent.a3"
        },
        {
          "ID": "4",
          "Title": "Được ưu tiên giao kết hợp đồng lao động mới",
          "TranslateKey": "attendance.benefits.RightsAndResponsibilitiesContent.a4"
        },
        {
          "ID": "5",
          "Title": "Không được xử lý kỷ luật lao động.",
          "TranslateKey": "attendance.benefits.RightsAndResponsibilitiesContent.a5"
        },
        {
          "ID": "6",
          "Title": "Được nghỉ mỗi ngày 60 phút hưởng đủ tiền lương.",
          "TranslateKey": "attendance.benefits.RightsAndResponsibilitiesContent.a6"
        },
        {
          "ID": "7",
          "Title": "Có thời gian nghỉ tối đa 20 ngày làm việc/ con/ năm",
          "TranslateKey": "attendance.benefits.RightsAndResponsibilitiesContent.a7"
        },
        {
          "ID": "8",
          "Title": "Hưởng trợ cấp khi con ốm đau",
          "TranslateKey": "attendance.benefits.RightsAndResponsibilitiesContent.a8"
        }
      ]
    },
    "TimeBenefits": {
      "Title": "Thời gian hưởng chế độ",
      "TranslateKey": "attendance.benefits.DurationOfBenefits",
      "Content": {
        "Title": "Trước và sau khi sinh con 6 tháng.",
        "TranslateKey": "attendance.benefits.DurationOfBenefitsContent"
      }
    }
  },
  {
    "ID": "3",
    "Order": 4,
    "PregnancyType": "E_MATERNITY_UNDER_7MONTHS",
    "hidden": false,
    "Title": "Thai sản dưới 7 tháng",
    "TranslateKey": "attendance.benefits.E_MATERNITY_UNDER_7MONTHS",
    "ApplicableSubjects": {
      "Title": "Đối tượng áp dụng",
      "TranslateKey": "attendance.benefits.ApplicableSubjects",
      "Content": [
        {
          "ID": "1",
          "Title": "Lao động là nữ",
          "TranslateKey": "attendance.benefits.FemaleEmployees"
        },
        {
          "ID": "2",
          "Title": "Có tham gia bảo hiểm xã hội.",
          "TranslateKey": "attendance.benefits.socialInsurance"
        }
      ]
    },
    "BenefitsAndResponsibility": {
      "Title": "Quyền lợi và trách nhiệm",
      "TranslateKey": "attendance.benefits.RightsAndResponsibilities",
      "Content": [
        {
          "ID": "1",
          "Title": "Từ chối làm việc ban đêm, làm thêm giờ, đi công tác xa.",
          "TranslateKey": "attendance.benefits.RightsAndResponsibilitiesContent.a1"
        },
        {
          "ID": "2",
          "Title": "Được chuyển việc hoặc giảm bớt giờ làm.",
          "TranslateKey": "attendance.benefits.RightsAndResponsibilitiesContent.a2"
        },
        {
          "ID": "3",
          "Title": "Không bị chấm dứt hợp đồng vì lý do nuôi con dưới 12 tháng tuổi",
          "TranslateKey": "attendance.benefits.RightsAndResponsibilitiesContent.a3"
        },
        {
          "ID": "4",
          "Title": "Được ưu tiên giao kết hợp đồng lao động mới",
          "TranslateKey": "attendance.benefits.RightsAndResponsibilitiesContent.a4"
        },
        {
          "ID": "5",
          "Title": "Không được xử lý kỷ luật lao động.",
          "TranslateKey": "attendance.benefits.RightsAndResponsibilitiesContent.a5"
        },
        {
          "ID": "6",
          "Title": "Được nghỉ mỗi ngày 60 phút hưởng đủ tiền lương.",
          "TranslateKey": "attendance.benefits.RightsAndResponsibilitiesContent.a6"
        },
        {
          "ID": "7",
          "Title": "Có thời gian nghỉ tối đa 20 ngày làm việc/ con/ năm",
          "TranslateKey": "attendance.benefits.RightsAndResponsibilitiesContent.a7"
        },
        {
          "ID": "8",
          "Title": "Hưởng trợ cấp khi con ốm đau",
          "TranslateKey": "attendance.benefits.RightsAndResponsibilitiesContent.a8"
        }
      ]
    },
    "TimeBenefits": {
      "Title": "Thời gian hưởng chế độ",
      "TranslateKey": "attendance.benefits.DurationOfBenefits",
      "Content": {
        "Title": "Trước và sau khi sinh con 6 tháng.",
        "TranslateKey": "attendance.benefits.DurationOfBenefitsContent"
      }
    }
  },
  {
    "ID": "4",
    "Order": 3,
    "PregnancyType": "E_MATERNITY_UP_7MONTHS",
    "hidden": false,
    "Title": "Lao động mang thai từ tháng thứ 7",
    "TranslateKey": "attendance.benefits.E_MATERNITY_UP_7MONTHS",
    "ApplicableSubjects": {
      "Title": "Đối tượng áp dụng",
      "TranslateKey": "attendance.benefits.ApplicableSubjects",
      "Content": [
        {
          "ID": "1",
          "Title": "Lao động là nữ",
          "TranslateKey": "attendance.benefits.FemaleEmployees"
        },
        {
          "ID": "2",
          "Title": "Có tham gia bảo hiểm xã hội.",
          "TranslateKey": "attendance.benefits.socialInsurance"
        },
        {
          "ID": "3",
          "Title": "Mang thai trên 7 tháng: Đã đóng bảo hiểm xã hội từ đủ 6 tháng trở lên trong vòng 12 tháng trước khi sinh con hoặc nhận nuôi con nuôi dưới 6 tháng tuổi",
          "TranslateKey": "attendance.benefits.FemaleInsurance"
        }
      ]
    },
    "BenefitsAndResponsibility": {
      "Title": "Quyền lợi và trách nhiệm",
      "TranslateKey": "attendance.benefits.RightsAndResponsibilities",
      "Content": [
        {
          "ID": "1",
          "Title": "Từ chối làm việc ban đêm, làm thêm giờ, đi công tác xa.",
          "TranslateKey": "attendance.benefits.RightsAndResponsibilitiesContent.a1"
        },
        {
          "ID": "2",
          "Title": "Được chuyển việc hoặc giảm bớt giờ làm.",
          "TranslateKey": "attendance.benefits.RightsAndResponsibilitiesContent.a2"
        },
        {
          "ID": "3",
          "Title": "Không bị chấm dứt hợp đồng vì lý do nuôi con dưới 12 tháng tuổi",
          "TranslateKey": "attendance.benefits.RightsAndResponsibilitiesContent.a3"
        },
        {
          "ID": "4",
          "Title": "Được ưu tiên giao kết hợp đồng lao động mới",
          "TranslateKey": "attendance.benefits.RightsAndResponsibilitiesContent.a4"
        },
        {
          "ID": "5",
          "Title": "Không được xử lý kỷ luật lao động.",
          "TranslateKey": "attendance.benefits.RightsAndResponsibilitiesContent.a5"
        },
        {
          "ID": "6",
          "Title": "Được nghỉ mỗi ngày 60 phút hưởng đủ tiền lương.",
          "TranslateKey": "attendance.benefits.RightsAndResponsibilitiesContent.a6"
        },
        {
          "ID": "7",
          "Title": "Có thời gian nghỉ tối đa 20 ngày làm việc/ con/ năm",
          "TranslateKey": "attendance.benefits.RightsAndResponsibilitiesContent.a7"
        },
        {
          "ID": "8",
          "Title": "Hưởng trợ cấp khi con ốm đau",
          "TranslateKey": "attendance.benefits.RightsAndResponsibilitiesContent.a8"
        }
      ]
    },
    "TimeBenefits": {
      "Title": "Thời gian hưởng chế độ",
      "TranslateKey": "attendance.benefits.DurationOfBenefits",
      "Content": {
        "Title": "Trước và sau khi sinh con 6 tháng.",
        "TranslateKey": "attendance.benefits.DurationOfBenefitsContent"
      }
    }
  },
  {
    "ID": "5",
    "Order": 2,
    "PregnancyType": "E_NEW_BORN_CHILD",
    "hidden": false,
    "Title": "Hưởng trợ cấp con nhỏ",
    "TranslateKey": "attendance.benefits.E_NEW_BORN_CHILD",
    "ApplicableSubjects": {
      "Title": "Đối tượng áp dụng",
      "TranslateKey": "attendance.benefits.ApplicableSubjects",
      "Content": [
        {
          "ID": "1",
          "Title": "Lao động là nữ",
          "TranslateKey": "attendance.benefits.FemaleEmployees"
        },
        {
          "ID": "2",
          "Title": "Có tham gia bảo hiểm xã hội.",
          "TranslateKey": "attendance.benefits.socialInsurance"
        }
      ]
    },
    "BenefitsAndResponsibility": {
      "Title": "Quyền lợi và trách nhiệm",
      "TranslateKey": "attendance.benefits.RightsAndResponsibilities",
      "Content": [
        {
          "ID": "1",
          "Title": "Từ chối làm việc ban đêm, làm thêm giờ, đi công tác xa.",
          "TranslateKey": "attendance.benefits.RightsAndResponsibilitiesContent.a1"
        },
        {
          "ID": "2",
          "Title": "Được chuyển việc hoặc giảm bớt giờ làm.",
          "TranslateKey": "attendance.benefits.RightsAndResponsibilitiesContent.a2"
        },
        {
          "ID": "3",
          "Title": "Không bị chấm dứt hợp đồng vì lý do nuôi con dưới 12 tháng tuổi",
          "TranslateKey": "attendance.benefits.RightsAndResponsibilitiesContent.a3"
        },
        {
          "ID": "4",
          "Title": "Được ưu tiên giao kết hợp đồng lao động mới",
          "TranslateKey": "attendance.benefits.RightsAndResponsibilitiesContent.a4"
        },
        {
          "ID": "5",
          "Title": "Không được xử lý kỷ luật lao động.",
          "TranslateKey": "attendance.benefits.RightsAndResponsibilitiesContent.a5"
        },
        {
          "ID": "6",
          "Title": "Được nghỉ mỗi ngày 60 phút hưởng đủ tiền lương.",
          "TranslateKey": "attendance.benefits.RightsAndResponsibilitiesContent.a6"
        },
        {
          "ID": "7",
          "Title": "Có thời gian nghỉ tối đa 20 ngày làm việc/ con/ năm",
          "TranslateKey": "attendance.benefits.RightsAndResponsibilitiesContent.a7"
        },
        {
          "ID": "8",
          "Title": "Hưởng trợ cấp khi con ốm đau",
          "TranslateKey": "attendance.benefits.RightsAndResponsibilitiesContent.a8"
        }
      ]
    },
    "TimeBenefits": {
      "Title": "Thời gian hưởng chế độ",
      "TranslateKey": "attendance.benefits.DurationOfBenefits",
      "Content": {
        "Title": "Trước và sau khi sinh con 6 tháng.",
        "TranslateKey": "attendance.benefits.DurationOfBenefitsContent"
      }
    }
  },
  {
    "ID": "6",
    "Order": 1,
    "PregnancyType": "E_Old",
    "hidden": false,
    "Title": "Người cao tuổi",
    "TranslateKey": "attendance.benefits.E_Old",
    "ApplicableSubjects": {
      "Title": "Đối tượng áp dụng",
      "TranslateKey": "attendance.benefits.ApplicableSubjects",
      "Content": [
        {
          "ID": "1",
          "Title": "Lao động nam từ 61 tuổi",
          "TranslateKey": "attendance.benefits.aged61"
        },
        {
          "ID": "2",
          "Title": "Lao động nữ từ 56 tuổi",
          "TranslateKey": "attendance.benefits.aged56"
        }
      ]
    },
    "BenefitsAndResponsibility": {
      "Title": "Quyền lợi và trách nhiệm",
      "TranslateKey": "attendance.benefits.RightsAndResponsibilities",
      "Content": [
        {
          "ID": "1",
          "Title": "Từ chối làm việc ban đêm, làm thêm giờ, đi công tác xa.",
          "TranslateKey": "attendance.benefits.RightsAndResponsibilitiesContent.a1"
        },
        {
          "ID": "2",
          "Title": "Được chuyển việc hoặc giảm bớt giờ làm.",
          "TranslateKey": "attendance.benefits.RightsAndResponsibilitiesContent.a2"
        },
        {
          "ID": "3",
          "Title": "Không bị chấm dứt hợp đồng vì lý do nuôi con dưới 12 tháng tuổi",
          "TranslateKey": "attendance.benefits.RightsAndResponsibilitiesContent.a3"
        },
        {
          "ID": "4",
          "Title": "Được ưu tiên giao kết hợp đồng lao động mới",
          "TranslateKey": "attendance.benefits.RightsAndResponsibilitiesContent.a4"
        },
        {
          "ID": "5",
          "Title": "Không được xử lý kỷ luật lao động.",
          "TranslateKey": "attendance.benefits.RightsAndResponsibilitiesContent.a5"
        },
        {
          "ID": "6",
          "Title": "Được nghỉ mỗi ngày 60 phút hưởng đủ tiền lương.",
          "TranslateKey": "attendance.benefits.RightsAndResponsibilitiesContent.a6"
        },
        {
          "ID": "7",
          "Title": "Có thời gian nghỉ tối đa 20 ngày làm việc/ con/ năm",
          "TranslateKey": "attendance.benefits.RightsAndResponsibilitiesContent.a7"
        },
        {
          "ID": "8",
          "Title": "Hưởng trợ cấp khi con ốm đau",
          "TranslateKey": "attendance.benefits.RightsAndResponsibilitiesContent.a8"
        }
      ]
    },
    "TimeBenefits": {
      "Title": "Thời gian hưởng chế độ",
      "TranslateKey": "attendance.benefits.DurationOfBenefits",
      "Content": {
        "Title": "Trước và sau khi sinh con 6 tháng.",
        "TranslateKey": "attendance.benefits.DurationOfBenefitsContent"
      }
    }
  }
]
