{
  "E_MEALBILL": [
    {
      "type": "E_STATUS",
      "translateKey": "detailedDrawer.Status",
      "order": 1,
      "config": []
    },
    {
      "type": "E_EMP_INFORMATION",
      "translateKey": "detailedDrawer.Employee",
      "order": 2,
      "config": []
    },
    {
      "type": "E_DETAILS_VIEW",
      "order": 3,
      "translateKey": "canteen.departmentMealVoucher.detail.general",
      "config": [
        {
          "type": "E_DETAILS_VIEW",
          "translateKey": "canteen.departmentMealVoucher.detail.general",
          "fieldName": "Information",
          "order": 1,
          "config": [
            {
              "translateKey": "canteen.departmentMealVoucher.detail.ticketCode",
              "fieldName": "MealBillCode",
              "order": 1
            },
            {
              "translateKey": "canteen.departmentMealVoucher.detail.dateMeal",
              "fieldName": "DateMeal",
              "format": "dd/MM/yyyy",
              "order": 2,
              "type": "DateTime"
            },
            {
              "translateKey": "canteen.departmentMealVoucher.detail.department",
              "fieldName": "OrgStructureName",
              "order": 3
            }
          ]
        },
        {
          "type": "E_DETAILS_VIEW",
          "translateKey": "canteen.departmentMealVoucher.detail.dishes",
          "fieldName": "MealBillDetailItem",
          "order": 2,
          "config": [
            {
              "id": "07e17db0-362a-4958-90c8-aae8dd7c782c",
              "fieldName": "MealTypeName",
              "translateKey": "canteen.departmentMealVoucher.detail.meal",
              "hidden": false,
              "order": 1
            },
            {
              "id": "07e17db0-362a-4958-90c8-aae8dd7c7827",
              "fieldName": "FoodName",
              "translateKey": "canteen.departmentMealVoucher.detail.dish",
              "hidden": false,
              "order": 2
            },
            {
              "id": "07e17db0-362a-4958-90c8-aae8dd7c7826",
              "fieldName": "CanteenName",
              "translateKey": "canteen.departmentMealVoucher.detail.canteen",
              "hidden": false,
              "order": 3
            },
            {
              "id": "07e17db0-362a-4958-90c8-aae8dd7c7820",
              "fieldName": "MealShiftName",
              "translateKey": "canteen.departmentMealVoucher.detail.mealShift",
              "hidden": false,
              "order": 4
            },
            {
              "id": "07e17db0-362a-4958-90c8-aae8dd7c7822",
              "fieldName": "MealTimeName",
              "translateKey": "canteen.departmentMealVoucher.detail.mealTime",
              "hidden": false,
              "order": 5
            },
            {
              "id": "07e17db0-362a-4958-90c8-aae8dd7c7823",
              "fieldName": "Quantity",
              "translateKey": "canteen.departmentMealVoucher.detail.mealGate",
              "hidden": false,
              "order": 6
            },
            {
              "id": "07e17db0-362a-4958-90c8-aae8dd7c7821",
              "fieldName": "Note",
              "translateKey": "canteen.departmentMealVoucher.detail.quantity",
              "hidden": false,
              "order": 7
            },
            {
              "id": "07e17db0-362a-4958-90c8-aae8dd7c7822",
              "fieldName": "WHOrgStructureName",
              "translateKey": "canteen.departmentMealVoucher.detail.note",
              "hidden": false,
              "order": 8
            }
          ]
        }
      ]
    },
    {
      "type": "E_PROCESS_APPROVED",
      "translateKey": "detailedDrawer.ApprovalProcess",
      "fieldName": "ApprovalProcessStep",
      "order": 4,
      "config": []
    }
  ]
}
