{
  "createOrgTargets": {
    "Goal": true,
    "Rate": true,
    "Actual": true,
    "Scale": true,
    "DescriptionKPIFix": false
  },
  "isShowOrgGoalDetailParent": true,
  "isShowInfoListOfEligibleEmployeeSubTitle": {
    "AbilityTitleVNI": false,
    "ContractTypeName": true,
    "DateHire": true,
    "EmployeeTypeName": true,
    "LaborType": true,
    "VisibleBrick": [ "EmployeeTypeName","DateHire", "LaborType"]
  },
  "isShowInfoListOfEligibleEmployeeTitle": {
    "OrgStructureName": false,
    "EmployeeTypeName": false,
    "PositionName": true,
    "CodeEmp": false,
    "ProfileDateOfBirth": false
  },
  "isShowInfoListOfAssessmentSubTitle": {
    "AbilityTitleVNI": false,
    "OrgStructureName": true,
    "WorkPlaceName": true,
    "JobTitleName": true,
    "PositionName": true,
    "KeyPositionName": true,
    "CodeEmp": false,
    "PositionCode": false
  }
}
