{
  "listFieldInheritingResult": [
    {
      "FieldName": "Mark",
      "IsShow": true,
      "IsSelected": true,
      "Description": "HRM_Evaluation_PerformanceDetail_Mark"
    },
    {
      "FieldName": "Evaluation",
      "IsShow": true,
      "IsSelected": true,
      "Description": "HRM_Evaluation_Eva_KPI_Evaluation2"
    },
    {
      "FieldName": "Value2",
      "IsShow": true,
      "IsSelected": true,
      "Description": "HRM_Evaluation_PerformanceDetail_Value2"
    },
    {
      "FieldName": "Actual2",
      "IsShow": true,
      "IsSelected": true,
      "Description": "HRM_Evaluation_PerformanceForDetail_Actual2"
    },
    {
      "FieldName": "Evaluation2",
      "IsShow": true,
      "IsSelected": true,
      "Description": "HRM_Evaluation_PerformanceDetail_Evaluation2"
    },
    {
      "FieldName": "Comment",
      "IsShow": false,
      "IsSelected": false,
      "Description": "HRM_Evaluation_GeneralPerformance"
    },
    {
      "FieldName": "ActualPercentage",
      "IsShow": false,
      "IsSelected": false,
      "Description": "HRM_Evaluation_PerformanceForDetail_ActualPercentage"
    },
    {
      "FieldName": "CompletionDate",
      "IsShow": false,
      "IsSelected": false,
      "Description": "HRM_Evaluation_PerformanceEvaDetail_CompletionDate"
    }
  ]
}
