[
  {
    "Name": "ID",
    "HeaderName": "ID",
    "HeaderKey": "ID",
    "Width": 150,
    "Hidden": true,
    "OrderColumn": null,
    "RowOnPage": null,
    "Group": false,
    "Locked": false,
    "Sortable": true,
    "Class": null,
    "Disable": true,
    "Filter": false,
    "Format": null,
    "isNumber": false,
    "IsMultiColumn": null,
    "MultiColumn": null,
    "IsCollapse": null,
    "IsHiddenConfig": true
  },
  {
    "Name": "ProfileName",
    "HeaderName": "attendance.business.staff",
    "HeaderKey": "attendance.business.staff",
    "Width": 280,
    "Hidden": false,
    "OrderColumn": null,
    "RowOnPage": null,
    "Group": false,
    "Locked": false,
    "Sortable": true,
    "Class": null,
    "Disable": false,
    "Filter": false,
    "Format": null,
    "isNumber": false,
    "IsMultiColumn": null,
    "MultiColumn": null,
    "IsCollapse": null,
    "IsHiddenConfig": false
  },
  {
    "Name": "BusinessTravelName",
    "HeaderName": "attendance.business.dataRegister",
    "HeaderKey": "attendance.business.dataRegister",
    "Width": 420,
    "Hidden": false,
    "OrderColumn": null,
    "RowOnPage": null,
    "Group": false,
    "Locked": false,
    "Sortable": true,
    "Class": null,
    "Disable": false,
    "Filter": false,
    "Format": null,
    "isNumber": false,
    "IsMultiColumn": null,
    "MultiColumn": null,
    "IsCollapse": null,
    "IsHiddenConfig": false
  },
  {
    "Name": "WorkPlaceName",
    "HeaderName": "attendance.business.sendTo",
    "HeaderKey": "attendance.business.sendTo",
    "Width": 200,
    "Hidden": false,
    "OrderColumn": null,
    "RowOnPage": null,
    "Group": false,
    "Locked": false,
    "Sortable": true,
    "Class": null,
    "Disable": false,
    "Filter": false,
    "Format": null,
    "isNumber": false,
    "IsMultiColumn": null,
    "MultiColumn": null,
    "IsCollapse": null,
    "IsHiddenConfig": false
  },
  {
    "Name": "BusinessReason",
    "HeaderName": "attendance.business.reason",
    "HeaderKey": "attendance.business.reason",
    "Width": 200,
    "Hidden": false,
    "OrderColumn": null,
    "RowOnPage": null,
    "Group": false,
    "Locked": false,
    "Sortable": true,
    "Class": null,
    "Disable": false,
    "Filter": false,
    "Format": null,
    "isNumber": false,
    "IsMultiColumn": null,
    "MultiColumn": null,
    "IsCollapse": null,
    "IsHiddenConfig": false
  },
  {
    "Name": "StatusView",
    "HeaderName": "attendance.business.status",
    "HeaderKey": "attendance.business.status",
    "Width": 150,
    "Hidden": false,
    "OrderColumn": null,
    "RowOnPage": null,
    "Group": false,
    "Locked": false,
    "Sortable": true,
    "Class": null,
    "Disable": false,
    "Filter": false,
    "Format": null,
    "isNumber": false,
    "IsMultiColumn": null,
    "MultiColumn": null,
    "IsCollapse": null,
    "IsHiddenConfig": false
  },
  {
    "Name": "ButtonMenu",
    "HeaderKey": null,
    "Hidden": false,
    "OrderColumn": null,
    "RowOnPage": null,
    "Group": false,
    "Locked": false,
    "Sticky": false,
    "Sortable": true,
    "Class": null,
    "Disable": false,
    "Filter": false,
    "Format": null,
    "isNumber": false,
    "IsMultiColumn": null,
    "MultiColumn": null,
    "IsCollapse": null,
    "IsHiddenConfig": true
  }
]
