[
  {
    "Name": "ID",
    "HeaderName": "ID",
    "HeaderKey": "ID",
    "Width": 10,
    "Hidden": true,
    "OrderColumn": null,
    "RowOnPage": null,
    "Group": false,
    "Locked": false,
    "Sortable": true,
    "Class": null,
    "Disable": true,
    "Filter": false,
    "Format": null,
    "isNumber": false,
    "IsMultiColumn": null,
    "MultiColumn": null,
    "IsCollapse": null,
    "IsHiddenConfig": true
  },
  {
    "Name": "ProfileName",
    "HeaderName": "attendance.business.staff",
    "HeaderKey": "attendance.business.staff",
    "Width": 280,
    "Hidden": false,
    "OrderColumn": null,
    "RowOnPage": null,
    "Group": false,
    "Locked": false,
    "Sortable": true,
    "Class": null,
    "Disable": true,
    "Filter": false,
    "Format": null,
    "isNumber": false,
    "IsMultiColumn": null,
    "MultiColumn": null,
    "IsCollapse": null,
    "IsHiddenConfig": false
  },
  {
    "Name": "BusinessTravelName",
    "HeaderName": "attendance.business.dataRegister",
    "HeaderKey": "attendance.business.dataRegister",
    "Width": 420,
    "Hidden": false,
    "OrderColumn": null,
    "RowOnPage": null,
    "Group": false,
    "Locked": false,
    "Sortable": true,
    "Class": null,
    "Disable": true,
    "Filter": false,
    "Format": null,
    "isNumber": false,
    "IsMultiColumn": null,
    "MultiColumn": null,
    "IsCollapse": null,
    "IsHiddenConfig": false
  },
  {
    "Name": "PlaceSendToName",
    "HeaderName": "attendance.business.sendTo",
    "HeaderKey": "attendance.business.sendTo",
    "Width": 200,
    "Hidden": false,
    "OrderColumn": null,
    "RowOnPage": null,
    "Group": false,
    "Locked": false,
    "Sortable": true,
    "Class": null,
    "Disable": true,
    "Filter": false,
    "Format": null,
    "isNumber": false,
    "IsMultiColumn": null,
    "MultiColumn": null,
    "IsCollapse": null,
    "IsHiddenConfig": false
  },
  {
    "Name": "BusinessTripReasonName",
    "HeaderName": "attendance.business.reason",
    "HeaderKey": "attendance.business.reason",
    "Width": 200,
    "Hidden": false,
    "OrderColumn": null,
    "RowOnPage": null,
    "Group": false,
    "Locked": false,
    "Sortable": true,
    "Class": null,
    "Disable": true,
    "Filter": false,
    "Format": null,
    "isNumber": false,
    "IsMultiColumn": null,
    "MultiColumn": null,
    "IsCollapse": null,
    "IsHiddenConfig": false
  },
  {
    "Name": "Status",
    "HeaderName": "attendance.business.status",
    "HeaderKey": "attendance.business.status",
    "Width": 150,
    "Hidden": false,
    "OrderColumn": null,
    "RowOnPage": null,
    "Group": false,
    "Locked": false,
    "Sortable": true,
    "Class": null,
    "Disable": true,
    "Filter": false,
    "Format": null,
    "isNumber": false,
    "IsMultiColumn": null,
    "MultiColumn": null,
    "IsCollapse": null,
    "IsHiddenConfig": false
  },
  {
    "Name": "ButtonControl",
    "HeaderKey": "",
    "Width": 100,
    "Hidden": false,
    "OrderColumn": null,
    "RowOnPage": null,
    "Group": false,
    "Locked": false,
    "Sortable": true,
    "Sticky": true,
    "Class": null,
    "Disable": true,
    "Filter": false,
    "Format": null,
    "isNumber": false,
    "IsMultiColumn": null,
    "MultiColumn": null,
    "IsCollapse": null,
    "IsHiddenConfig": true
  },
  {
    "Name": "Hidden",
    "HeaderKey": "",
    "Width": 1,
    "Hidden": true,
    "OrderColumn": null,
    "RowOnPage": null,
    "Group": false,
    "Locked": false,
    "Sortable": true,
    "Class": null,
    "Disable": true,
    "Filter": false,
    "Format": null,
    "isNumber": false,
    "IsMultiColumn": null,
    "MultiColumn": null,
    "IsCollapse": null,
    "IsHiddenConfig": true
  }
]
