[
  {
    "ID": "01",
    "label": "Cá nhân",
    "icon": "assets/icon/manage-personnel-records/tag/1.svg",
    "enum": "E_PROFILE_MANAGER_PERSONAL",
    "keyTranslate": "humanResources.managePersonnelRecords.tab.Personal",
    "selected": false,
    "keyPermission": "New_Hre_ProfileManage_NewPortal_E_PROFILE_MANAGER_PERSONAL",
    "order": 1
  },
  {
    "ID": "02",
    "label": "Tùy thân",
    "icon": "assets/icon/manage-personnel-records/tag/2.svg",
    "enum": "E_PROFILE_MANAGER_IDENTIFICATION",
    "keyTranslate": "humanResources.managePersonnelRecords.tab.IdentityDocuments",
    "selected": false,
    "keyPermission": "New_Hre_ProfileManage_NewPortal_E_PROFILE_MANAGER_IDENTIFICATION",
    "order": 2
  },
  {
    "ID": "03",
    "label": "Liên hệ",
    "icon": "assets/icon/manage-personnel-records/tag/3.svg",
    "enum": "E_PROFILE_MANAGER_CONTACT",
    "keyTranslate": "humanResources.managePersonnelRecords.tab.Contact",
    "keyPermission": "New_Hre_ProfileManage_NewPortal_E_PROFILE_MANAGER_CONTACT",
    "selected": false,
    "order": 3
  },
  {
    "ID": "04",
    "label": "Quá trình làm việc",
    "icon": "assets/icon/manage-personnel-records/tag/4.svg",
    "enum": "E_PROFILE_MANAGER_WORKHISTORY",
    "keyTranslate": "humanResources.managePersonnelRecords.tag.workProcess",
    "selected": false,
    "keyPermission": "New_Hre_ProfileManage_NewPortal_E_PROFILE_MANAGER_WORKHISTORY",
    "order": 4
  },
  {
    "ID": "05",
    "label": "Lương & Phúc lợi",
    "icon": "assets/icon/manage-personnel-records/tag/5.svg",
    "enum": "E_PROFILE_MANAGER_SALARYBENEFIT",
    "keyTranslate": "humanResources.general.ProfileSalaryAndBenefits",
    "selected": false,
    "keyPermission": "New_Hre_ProfileManage_NewPortal_E_PROFILE_MANAGER_SALARYBENEFIT",
    "order": 5
  },
  {
    "ID": "06",
    "label": "Hợp đồng",
    "icon": "assets/icon/manage-personnel-records/tag/6.svg",
    "enum": "E_PROFILE_MANAGER_CONTRACT",
    "keyTranslate": "humanResources.managePersonnelRecords.tab.Contract",
    "selected": false,
    "keyPermission": "New_Hre_ProfileManage_NewPortal_E_PROFILE_MANAGER_CONTRACT",
    "order": 6
  },
  {
    "ID": "07",
    "label": "Hồ sơ bổ sung",
    "icon": "assets/icon/manage-personnel-records/tag/7.svg",
    "enum": "E_PROFILE_MANAGER_DOCUMENT",
    "keyTranslate": "humanResources.managePersonnelRecords.tab.RequiredDocument",
    "selected": false,
    "keyPermission": "New_Hre_ProfileManage_NewPortal_E_PROFILE_MANAGER_DOCUMENT",
    "order": 7
  },
  {
    "ID": "08",
    "label": "Bảo hiểm",
    "icon": "assets/icon/manage-personnel-records/tag/8.svg",
    "enum": "E_PROFILE_MANAGER_INSURANCE",
    "keyTranslate": "humanResources.managePersonnelRecords.tab.ProfileInsurance",
    "selected": false,
    "keyPermission": "New_Hre_ProfileManage_NewPortal_E_PROFILE_MANAGER_INSURANCE",
    "order": 8
  },
  {
    "ID": "09",
    "label": "Chế độ nhân viên ",
    "icon": "assets/icon/manage-personnel-records/tag/9.svg",
    "enum": "E_PROFILE_MANAGER_REGIME",
    "keyTranslate": "humanResources.general.ProfileEmployeePolicy",
    "selected": false,
    "keyPermission": "New_Hre_ProfileManage_NewPortal_E_PROFILE_MANAGER_REGIME",
    "order": 9
  },
  {
    "ID": "010",
    "label": "Thông tin tài khoản",
    "icon": "assets/icon/manage-personnel-records/tag/10.svg",
    "enum": "E_PROFILE_MANAGER_SALARYACCOUNT",
    "keyTranslate": "humanResources.general.ProfileSalaryInformation",
    "selected": false,
    "keyPermission": "New_Hre_ProfileManage_NewPortal_E_PROFILE_MANAGER_SALARYACCOUNT",
    "order": 10
  },
  {
    "ID": "012",
    "label": "Người thân",
    "icon": "assets/icon/manage-personnel-records/tag/11.svg",
    "enum": "E_PROFILE_MANAGER_RELATIVE",
    "keyTranslate": "humanResources.managePersonnelRecords.tab.Relatives",
    "selected": false,
    "keyPermission": "New_Hre_ProfileManage_NewPortal_E_PROFILE_MANAGER_RELATIVE",
    "order": 12
  },
  {
    "ID": "013",
    "label": "Người phụ thuộc",
    "icon": "assets/icon/manage-personnel-records/tag/12.svg",
    "enum": "E_PROFILE_MANAGER_DEPENDANT",
    "keyTranslate": "humanResources.managePersonnelRecords.tab.Dependant",
    "selected": false,
    "keyPermission": "New_Hre_ProfileManage_NewPortal_E_PROFILE_MANAGER_DEPENDANT",
    "order": 13
  },
  {
    "ID": "014",
    "label": "Trình độ học vấn",
    "icon": "assets/icon/manage-personnel-records/tag/13.svg",
    "enum": "E_PROFILE_MANAGER_ACADEMICLEVEL",
    "keyTranslate": "humanResources.managePersonnelRecords.tab.EducationLevel",
    "selected": false,
    "keyPermission": "New_Hre_ProfileManage_NewPortal_E_PROFILE_MANAGER_ACADEMICLEVEL",
    "order": 14
  },
  {
    "ID": "015",
    "label": "Kinh nghiệm làm việc",
    "icon": "assets/icon/manage-personnel-records/tag/14.svg",
    "enum": "E_PROFILE_MANAGER_WORKEXPERIENCE",
    "keyTranslate": "humanResources.managePersonnelRecords.tab.WorkingExperience",
    "selected": false,
    "keyPermission": "New_Hre_ProfileManage_NewPortal_E_PROFILE_MANAGER_WORKEXPERIENCE",
    "order": 15
  },
  {
    "ID": "016",
    "label": "Kiêm nhiệm",
    "icon": "assets/icon/manage-personnel-records/tag/21.svg",
    "enum": "E_PROFILE_MANAGER_CONCURREN",
    "keyTranslate": "humanResources.managePersonnelRecords.tab.Concurrent",
    "selected": false,
    "keyPermission": "New_Hre_ProfileManage_NewPortal_E_PROFILE_MANAGER_CONCURREN",
    "order": 16
  },
  {
    "ID": "017",
    "label": "Dữ liệu thuế",
    "icon": "assets/icon/manage-personnel-records/tag/19.svg",
    "enum": "E_PROFILE_MANAGER_TAXDATA",
    "keyTranslate": "humanResources.managePersonnelRecords.tab.PayPolicy",
    "selected": false,
    "keyPermission": "New_Hre_ProfileManage_NewPortal_E_PROFILE_MANAGER_TAXDATA",
    "order": 17
  },
  {
    "ID": "018",
    "label": "Đảng & Đoàn",
    "icon": "assets/icon/manage-personnel-records/tag/15.svg",
    "enum": "E_PROFILE_MANAGER_PARTYANDUNION",
    "keyTranslate": "humanResources.managePersonnelRecords.tab.CommunistAndUnion",
    "selected": false,
    "keyPermission": "New_Hre_ProfileManage_NewPortal_E_PROFILE_MANAGER_PARTYANDUNION",
    "order": 18
  },
  {
    "ID": "19",
    "label": "Khen thưởng",
    "icon": "assets/icon/manage-personnel-records/tag/16.svg",
    "enum": "E_PROFILE_MANAGER_REWARD",
    "keyTranslate": "humanResources.managePersonnelRecords.tab.Reward",
    "selected": false,
    "keyPermission": "New_Hre_ProfileManage_NewPortal_E_PROFILE_MANAGER_REWARD",
    "order": 19
  },
  {
    "ID": "020",
    "label": "Kỷ luật",
    "icon": "assets/icon/manage-personnel-records/tag/17.svg",
    "enum": "E_PROFILE_MANAGER_DISCIPLINE",
    "keyTranslate": "humanResources.managePersonnelRecords.tab.Discipline",
    "selected": false,
    "keyPermission": "New_Hre_ProfileManage_NewPortal_E_PROFILE_MANAGER_DISCIPLINE",
    "order": 20
  },
  {
    "ID": "021",
    "label": "Tai nạn",
    "icon": "assets/icon/manage-personnel-records/tag/18.svg",
    "enum": "E_PROFILE_MANAGER_ACCIDENT",
    "keyTranslate": "humanResources.managePersonnelRecords.tab.Accident",
    "selected": false,
    "keyPermission": "New_Hre_ProfileManage_NewPortal_E_PROFILE_MANAGER_ACCIDENT",
    "order": 21
  },
  {
    "ID": "022",
    "label": "Phép năm",
    "icon": "assets/icon/manage-personnel-records/tag/20.svg",
    "enum": "E_PROFILE_MANAGER_ANNUALLEAVE",
    "keyTranslate": "humanResources.managePersonnelRecords.tab.AnnualLeave",
    "selected": false,
    "keyPermission": "New_Hre_ProfileManage_NewPortal_E_PROFILE_MANAGER_ANNUALLEAVE",
    "order": 22
  },
  {
    "ID": "023",
    "label": "Phép bù",
    "icon": "assets/icon/manage-personnel-records/tag/20.svg",
    "enum": "E_PROFILE_MANAGER_COMPENSATIONLEAVE",
    "keyTranslate": "humanResources.managePersonnelRecords.tab.CompensationLeave",
    "selected": false,
    "keyPermission": "New_Hre_ProfileManage_NewPortal_E_PROFILE_MANAGER_COMPENSATIONLEAVE",
    "order": 23
  }
]
