{
  "ProfileRelatives": {
    "RelationshipMoreInfo": [
      {
        "label": "humanResources.hrRecord.CCCD",
        "value": "E_CitizenIdentification",
        "checked": false,
        "fieldName": "IsCheckRelativesIdentification",
        "hidden": false
      },
      {
        "label": "humanResources.hrRecord.CMND",
        "value": "E_IdentityCard",
        "fieldName": "IsCheckRelativesIDNo",
        "checked": false,
        "hidden": false
      },
      {
        "label": "humanResources.hrRecord.birthCertificate",
        "value": "E_BirthCertificate",
        "fieldName": "IsCheckRelativesDocument",
        "checked": false,
        "hidden": false
      },
      {
        "label": "humanResources.hrRecord.passport",
        "value": "E_Passport",
        "fieldName": "IsCheckRelativesPassport",
        "checked": false,
        "hidden": false
      },
      {
        "label": "humanResources.hrRecord.insurance",
        "value": "E_Insurance",
        "fieldName": "IsCheckRelativesInsurance",
        "checked": false,
        "hidden": false
      },
      {
        "label": "humanResources.hrRecord.visa",
        "value": "E_Visa",
        "fieldName": "IsRelativeVisaInfo",
        "checked": false,
        "hidden": false
      }
    ],
    "RelationshipData": [
      {
        "label": "humanResources.general.SameHouseholdRegistration",
        "name": "Cùng hộ khẩu",
        "value": "E_SameHouseholdRegistration",
        "checked": false,
        "fieldName": "IsCheckSameHousehold",
        "hidden": false
      },
      {
        "label": "humanResources.general.DependentsRegistration",
        "name": "Người phụ thuộc",
        "value": "E_Dependents",
        "fieldName": "IsCheckDependant",
        "checked": false,
        "hidden": false
      },
      {
        "label": "humanResources.general.SameCompanyRegistration",
        "name": "Cùng công ty",
        "value": "E_SameCompany",
        "fieldName": "IsCheckSameCompany",
        "checked": false,
        "hidden": false
      }
    ]
  }
}
