{
  "E_JOBVACANCY_WAITING_COMMENT": {
    "Title": "HRM_Sys_Notification_Title_WaitComment",
    "Link": "New_SysNewsSlider",
    "Trans": "HRM_Rec_JobVacancyWaitingApprove_List"
  },
  "E_JOBVACANCY_WAITING": {
    "Title": "",
    "Link": "New_Rec_JobVacancy_Approve",
    "Trans": "HRM_Rec_JobVacancyWaitingApprove_List"
  },
  "E_JOBVACANCY_APPROVED": {
    "Title": "",
    "Link": "New_Rec_JobVacancy",
    "Trans": "HRM_Rec_JobVacancy_List_Portal"
  },
  "E_JOBVACANCY_REJECTED": {
    "Title": "",
    "Link": "New_Rec_JobVacancy",
    "Trans": "HRM_Rec_JobVacancy_List_Portal"
  },
  "E_PLANHEADCOUNT_WAITING": {
    "Title": "",
    "Link": "New_Hre_PlanHeadCount_Approve",
    "Trans": "HRM_HR_PlanHeadCountApprove"
  },
  "E_PLANHEADCOUNT_APPROVED": {
    "Title": "",
    "Link": "New_Hre_PlanHeadCount",
    "Trans": "HRM_HR_Profile_PlanHeadCount"
  },
  "E_PLANHEADCOUNT_REJECTED": {
    "Title": "",
    "Link": "New_Hre_PlanHeadCount",
    "Trans": "HRM_HR_Profile_PlanHeadCount"
  },
  "E_HRE_SALARY_INCREASE_WAITING": {
    "Title": "",
    "Link": "New_Hre_WorkHistorySalary_Approve",
    "Trans": "HRM_Hre_WorkHistorySalary_Approve"
  },
  "E_HRE_SALARY_INCREASE_APPROVED": {
    "Title": "",
    "Link": "New_Hre_WorkHistorySalary",
    "Trans": "New_Hre_WorkHistorySalary"
  },
  "E_HRE_SALARY_INCREASE_REJECTED": {
    "Title": "",
    "Link": "New_Hre_WorkHistorySalary",
    "Trans": "New_Hre_WorkHistorySalary"
  },
  "E_HRE_SALARY_INCREASE_WAITING_COMMENT": {
    "Title": "HRM_Sys_Notification_Title_WaitCommentWorkHistory",
    "Link": "New_Hre_WorkHistorySalary_Approve",
    "Trans": "HRM_Hre_WorkHistorySalary_Approve"
  },
  "E_STOP_WAITING": {
    "Title": "HRM_Bussiness_Notify_StopWorking",
    "Link": "New_Hre_PersonalSubmitStopWorking_Approve",
    "Trans": "HRM_Hr_StopWorkingWaiting"
  },
  "E_STOP_APPROVED": {
    "Title": "HRM_Bussiness_Notify_StopWorking",
    "Link": "New_Hre_PersonalSubmitStopWorking",
    "Trans": "HRM_Hre_PersonalSubmitStopWorking_List"
  },
  "E_STOP_REJECTED": {
    "Title": "E_STOP_REJECTED",
    "Link": "New_Hre_PersonalSubmitStopWorking",
    "Trans": "HRM_Hre_PersonalSubmitStopWorking_List"
  },
  "E_STOP_CANCEL": {
    "Title": "",
    "Link": "New_Hre_PersonalSubmitStopWorking",
    "Trans": "HRM_Hre_PersonalSubmitStopWorking_List"
  },
  "E_STOP_CONFIRM_TOPROFILE": {
    "Title": "",
    "Link": "New_Hre_PersonalSubmitStopWorking",
    "Trans": "HRM_Hre_PersonalSubmitStopWorking_List"
  },
  "E_STOP_CONFIRM_TOUSERSUBMIT": {
    "Title": "",
    "Link": "New_Hre_PersonalSubmitStopWorking",
    "Trans": "HRM_Hre_PersonalSubmitStopWorking_List"
  },
  "E_NEW_NEWS": {
    "Title": "E_NEW_NEWS",
    "Link": "News",
    "Trans": "HRM_News"
  },
  "E_CONCURRENT_WAITING": {
    "Title": "",
    "Link": "New_Hre_ConCurrentSalary_WaitingApprove",
    "Trans": "HRM_Hre_ConcurrentSalaryWaiting_Index"
  },
  "E_CONCURRENT_WAITING_COMMENT": {
    "Title": "HRM_Thereisoneconcurrentemployeewaitingforyourcomment",
    "Link": "New_Hre_ConCurrentSalary_WaitingApprove",
    "Trans": "HRM_Hre_ConcurrentSalaryWaiting_Index"
  },
  "E_CONCURRENT_APPROVED": {
    "Title": "",
    "Link": "New_Hre_ConCurrentSalary",
    "Trans": "HRM_Hre_ConcurrentSalary_Index"
  },
  "E_CONCURRENT_REJECTED": {
    "Title": "",
    "Link": "New_Hre_ConCurrentSalary",
    "Trans": "HRM_Hre_ConcurrentSalary_Index"
  },
  "E_CONCURRENT_APPROVED_TOPROFILE": {
    "Title": "",
    "Link": "New_Hre_ConCurrentSalary",
    "Trans": "HRM_Hre_ConcurrentSalary_Index"
  },
  "E_CONCURRENT_REJECTED_TOPROFILE": {
    "Title": "",
    "Link": "New_Hre_ConCurrentSalary",
    "Trans": "HRM_Hre_ConcurrentSalary_Index"
  },
  "E_CANDIDATE_WAITING": {
    "Title": "",
    "Link": "New_Hre_CandidateGeneral_Approve",
    "Trans": "HRM_Hre_CandidateGeneral_ListApprove"
  },
  "E_CONTRACT_EVA_WAITING": {
    "Title": "",
    "Link": "New_Hre_EvaluationContractApprove",
    "Trans": "HRM_HR_New_EvaluationContract"
  },
  "E_STUDYPROMOTION_WAITING": {
    "Title": "",
    "Link": "New_Hre_StudyPromotion_WaitingApprove",
    "Trans": "HRM_Hre_StudyPromotionWaiting"
  },
  "E_STUDYPROMOTION_APPROVED": {
    "Title": "",
    "Link": "New_Hre_StudyPromotion",
    "Trans": "HRM_Hre_StudyPromotion"
  },
  "E_STUDYPROMOTION_REJECTED": {
    "Title": "",
    "Link": "New_Hre_StudyPromotion",
    "Trans": "HRM_Hre_StudyPromotion"
  },
  "E_STUDYPROMOTIONREQUEST_APPROVED": {
    "Title": "",
    "Link": "New_Hre_StudyPromotion",
    "Trans": "HRM_Hre_StudyPromotion"
  },
  "E_STUDYPROMOTIONREQUEST_REJECTED": {
    "Title": "",
    "Link": "New_Hre_StudyPromotion",
    "Trans": "HRM_Hre_StudyPromotion"
  },
  "E_DECLINE_FAMILY_REGISTER": {
    "Title": "",
    "Link": "New_Hre_RequestInfo",
    "Trans": "HRM_HR_RequestInfo_Potal"
  },
  "E_DECLINE_ACCOUNT": {
    "Title": "",
    "Link": "New_Hre_RequestInfo",
    "Trans": "HRM_HR_RequestInfo_Potal"
  },
  "E_DECLINE_OTHERJOBS": {
    "Title": "",
    "Link": "New_Hre_RequestInfo",
    "Trans": "HRM_HR_RequestInfo_Potal"
  },
  "E_ADDTOCLASS": {
    "Title": "",
    "Link": "New_Personal/New_Trainee/1",
    "Trans": "HRM_System_Resource_Training"
  },
  "E_CERTIFICATION": {
    "Title": "",
    "Link": "New_Personal/New_Trainee/1",
    "Trans": "HRM_System_Resource_Training"
  },
  "E_EVA_CONTRACT_WAITING_EVALUATE": {
    "Title": "",
    "Link": "",
    "Trans": ""
  },
  "E_EVA_CONTRACT_EVALUATED": {
    "Title": "",
    "Link": "New_PerformanceEvaWaitingApproved",
    "Trans": "HRM_HR_ApprovedPerformanceEva_List"
  },
  "E_REMIND_EXPIRY_CONTRACT": {
    "Title": "TitleWarningContractExpiration",
    "Link": "New_Personal/New_Contract/1",
    "Trans": "HRM_Contract"
  },
  "E_HRE_EXPIRY_DEPENDANT": {
    "Title": "TitleWarningDependantExpiration",
    "Link": "New_Personal/New_HR/1",
    "Trans": "HRM_HR_GeneralInformation"
  },
  "E_RESIDENCECARDDUE": {
    "Title": "Task_ResidenceCardDueAndLateNote",
    "Link": "New_Personal/New_HR/1",
    "Trans": "HRM_HR_GeneralInformation"
  },
  "E_PASSPORTDUE": {
    "Title": "TitlePassportDueAndLateNote",
    "Link": "New_Personal/New_HR/1",
    "Trans": "HRM_HR_GeneralInformation"
  },
  "E_VISAEXPIREDNOTIFY": {
    "Title": "",
    "Link": "New_Personal/New_HR/1",
    "Trans": "HRM_HR_GeneralInformation"
  },
  "E_WORKPERMITEXPIREDNOTIFY": {
    "Title": "",
    "Link": "New_Personal/New_HR/1",
    "Trans": "HRM_HR_GeneralInformation"
  },

  "E_OVERTIME__SUBMIT": {
    "Title": "Att_Overtime_Request",
    "Link": "New_Att_Overtime",
    "Trans": "HRM_Attendance_Overtime"
  },
  "E_OVERTIME__WAITING": {
    "Title": "Att_Overtime_Request",
    "Link": "New_Att_Overtime_Approve",
    "Trans": "HRM_Attendance_Att_Overtime_Approve_OvertimeApprove"
  },
  "E_OVERTIME__APPROVED": {
    "Title": "Att_Overtime_Request",
    "Link": "New_Att_WaitingApprovedOvertime",
    "Trans": "HRM_Att_WaitingApprovedOvertime_List"
  },
  "E_REQUESTCANCEL_OVERTIME__SUBMIT": {
    "Title": "SUBMIT",
    "Link": "New_Att_RequestCancelationOvertime",
    "Trans": "New_Att_RequestCancelationOvertime_New_Index"
  },
  "E_REQUESTCANCEL_OVERTIME__WAITING": {
    "Title": "WAITING",
    "Link": "New_Att_RequestCancelationOvertime_Approve",
    "Trans": "HRM_New_Att_RequestCancelationOvertime_Approve_New_Index"
  },
  "E_REQUESTCANCEL_OVERTIME__APPROVED": {
    "Title": "APPROVED",
    "Link": "New_Att_WaitingApprovedRequestCancelationOvertime",
    "Trans": "HRM_New_Att_WaitingApprovedRequestCancelationOvertime_New_Index"
  },
  "E_ROSTER__SUBMIT": {
    "Title": "HRM_Request_Work_Shift",
    "Link": "New_Att_Roster",
    "Trans": "HRM_Attendance_Roster"
  },
  "E_ROSTER__WAITING": {
    "Title": "HRM_Request_Work_Shift",
    "Link": "New_Att_Roster_Approve",
    "Trans": "ShiftNameApprove"
  },
  "E_ROSTER__APPROVED": {
    "Title": "HRM_Request_Work_Shift",
    "Link": "New_Att_Roster_Approve",
    "Trans": "ShiftNameApprove"
  },
  "E_REQUESTCANCEL_ROSTER__SUBMIT": {
    "Title": "SUBMIT",
    "Link": "New_Att_RequestCancelationRoster",
    "Trans": "New_Att_RequestCancelationRoster_New_Index"
  },
  "E_REQUESTCANCEL_ROSTER__WAITING": {
    "Title": "WAITING",
    "Link": "New_Att_RequestCancelationRoster_Approve",
    "Trans": "New_Att_RequestCancelationRoster_Approve_New_Index"
  },
  "E_REQUESTCANCEL_ROSTER__APPROVED": {
    "Title": "APPROVED",
    "Link": "New_Att_WaitingApprovedRequestCancelationRoster",
    "Trans": "New_Att_WaitingApprovedRequestCancelationRoster_New_Index"
  },
  "E_LEAVEDAY__SUBMIT": {
    "Title": "Att_LeaveDay_Request",
    "Link": "New_Att_Leaveday",
    "Trans": "HRM_Attendance_LeaveDay"
  },
  "E_LEAVEDAY__WAITING": {
    "Title": "Att_LeaveDay_Request",
    "Link": "New_Att_Leaveday_Approve",
    "Trans": "HRM_Att_Att_Leaveday_Approve_Approve_DayOff"
  },
  "E_LEAVEDAY__APPROVED": {
    "Title": "Att_LeaveDay_Request",
    "Link": "New_Att_Leaveday_Approve",
    "Trans": "HRM_Att_Att_Leaveday_Approve_Approve_DayOff"
  },
  "E_LEAVEDAY_CANCEL__SUBMIT": {
    "Title": "HRM_New_Att_Require_Cancel",
    "Link": "New_Att_RequireCancel",
    "Trans": "HRM_New_Att_RequireCancel_New_Index"
  },
  "E_LEAVEDAY_CANCEL__WAITING": {
    "Title": "HRM_New_Att_Require_Cancel",
    "Link": "New_Att_RequireCancel_Approve",
    "Trans": "HRM_New_Att_RequireCancelApprove_New_Index"
  },
  "E_LEAVEDAY_CANCEL__APPROVED": {
    "Title": "HRM_New_Att_Require_Cancel",
    "Link": "New_Att_RequireCancel_Approve",
    "Trans": "HRM_New_Att_RequireCancelApprove_New_Index"
  },
  "E_TAMSCANLOGREGISTER__SUBMIT": {
    "Title": "HRM_Request_TAMScan_Log",
    "Link": "New_Att_TamScanLogRegister",
    "Trans": "HRM_Attendance_TamScanLogRegister"
  },
  "E_TAMSCANLOG__SUBMIT": {
    "Title": "HRM_Request_TAMScan_Log",
    "Link": "New_Att_TamScanLogRegister",
    "Trans": "HRM_Attendance_TamScanLogRegister"
  },
  "E_TAMSCANLOGREGISTER__WAITING": {
    "Title": "HRM_Request_TAMScan_Log",
    "Link": "New_Att_TamScanLogRegister_Approve",
    "Trans": "HRM_Attendance_TamScanLogRegister_Approve"
  },
  "E_TAMSCANLOG__WAITING": {
    "Title": "HRM_Request_TAMScan_Log",
    "Link": "New_Att_TamScanLogRegister_Approve",
    "Trans": "HRM_Attendance_TamScanLogRegister_Approve"
  },
  "E_TAMSCANLOGREGISTER__APPROVED": {
    "Title": "HRM_Request_TAMScan_Log",
    "Link": "New_Att_TamScanLogRegister_Approve",
    "Trans": "HRM_Attendance_TamScanLogRegister_Approve"
  },
  "E_TAMSCANLOG__APPROVED": {
    "Title": "HRM_Request_TAMScan_Log",
    "Link": "New_Att_TamScanLogRegister_Approve",
    "Trans": "HRM_Attendance_TamScanLogRegister_Approve"
  },
  "E_REQUESTCANCEL_TAMSCANLOGREGISTER__SUBMIT": {
    "Title": "SUBMIT",
    "Link": "New_Att_RequestCancelationTamScanLogRegister",
    "Trans": "New_Att_RequestCancelationTamScanLogRegister_New_Index"
  },
  "E_REQUESTCANCEL_TAMSCANLOGREGISTER__WAITING": {
    "Title": "WAITING",
    "Link": "New_Att_RequestCancelationTamScanLogRegister_Approve",
    "Trans": "HRM_New_Att_RequestCancelationTamScanLogRegister_Approve_New_Index"
  },
  "E_REQUESTCANCEL_TAMSCANLOGREGISTER__APPROVED": {
    "Title": "APPROVED",
    "Link": "New_Att_WaitingApprovedRequestCancelationTamScanLogRegister",
    "Trans": "HRM_New_Att_WaitingApprovedRequestCancelationTamScanLogRegister_New_Index"
  },
  "E_OVERTIMEPLAN__SUBMIT": {
    "Title": "HRM_Request_Overtime_Plans",
    "Link": "New_Att_PlanOvertime",
    "Trans": "HRM_Attendance_PlanOvertime"
  },
  "E_OVERTIMEPLAN__WAITING": {
    "Title": "HRM_Request_Overtime_Plans",
    "Link": "New_Att_PlanOvertime_Approve",
    "Trans": "HRM_Attendance_PlanOvertimeApprove"
  },
  "E_OVERTIMEPLAN__APPROVED": {
    "Title": "HRM_Request_Overtime_Plans",
    "Link": "New_Att_PlanOvertime_Approve",
    "Trans": "HRM_Attendance_PlanOvertimeApprove"
  },
  "E_REQUESTCANCEL_OVERTIMEPLAN__SUBMIT": {
    "Title": "HRM_New_Att_RequestCancelationOvertimePlan_Add",
    "Link": "New_Att_RequestCancelationOvertimePlan",
    "Trans": "New_Att_RequestCancelationOvertimePlan_Title"
  },
  "E_REQUESTCANCEL_OVERTIMEPLAN__WAITING": {
    "Title": "HRM_New_Att_RequestCancelationOvertimePlan_Add",
    "Link": "New_Att_RequestCancelationOvertimePlan_Approve",
    "Trans": "New_Att_RequestCancelationOvertimePlan_Approve_Title"
  },
  "E_REQUESTCANCEL_OVERTIMEPLAN__APPROVED": {
    "Title": "HRM_New_Att_RequestCancelationOvertimePlan_Add",
    "Link": "New_Att_RequestCancelationOvertimePlan_Approve",
    "Trans": "New_Att_RequestCancelationOvertimePlan_Approve_Title"
  },
  "E_BUSINESSTRAVEL__SUBMIT": {
    "Title": "HRM_Request_Business_Trip",
    "Link": "New_Att_BussinessTravel",
    "Trans": "HRM_Attendance_BussinessTravel"
  },
  "E_BUSINESSTRAVEL__WAITING": {
    "Title": "HRM_Request_Business_Trip",
    "Link": "New_Att_BussinessTravel_Approve",
    "Trans": "HRM_Attendance_BussinessTravel_Approve"
  },
  "E_BUSINESSTRAVEL__APPROVED": {
    "Title": "HRM_Request_Business_Trip",
    "Link": "New_Att_RequestCancelationBusinessTravel",
    "Trans": "New_Att_RequestCancelationBusinessTravel_Title"
  },
  "E_REQUESTCANCELATION_BUSINESSTRAVEL__SUBMIT": {
    "Title": "HRM_New_Att_RequestCancelationBusinessTravel_Add",
    "Link": "New_Att_RequestCancelationBusinessTravel",
    "Trans": "New_Att_RequestCancelationBusinessTravel_Title"
  },
  "E_REQUESTCANCELATION_BUSINESSTRAVEL__WAITING": {
    "Title": "HRM_New_Att_RequestCancelationBusinessTravel_Add",
    "Link": "New_Att_RequestCancelationBusinessTravel_Approve",
    "Trans": "HRM_New_Att_RequestCancelationBusinessTravel_Approve_New_Index"
  },
  "E_REQUESTCANCELATION_BUSINESSTRAVEL__APPROVED": {
    "Title": "HRM_New_Att_RequestCancelationBusinessTravel_Add",
    "Link": "New_Att_RequestCancelationBusinessTravel_Approve",
    "Trans": "HRM_New_Att_RequestCancelationBusinessTravel_Approve_New_Index"
  },
  "E_BUSINESS_TRAVEL_TRANSFER__SUBMIT": {
    "Title": "HRM_Request_Business_Travel_Transfer",
    "Link": "New_Att_BusinessTravelTransfer",
    "Trans": "HRM_Attendance_BusinessTravelTransfer_Title"
  },
  "E_BUSINESS_TRAVEL_TRANSFER__WAITING": {
    "Title": "HRM_Request_Business_Travel_Transfer",
    "Link": "New_Att_BusinessTravelTransfer_Approve",
    "Trans": "HRM_Attendance_BusinessTravelTransfer_Approve"
  },
  "E_BUSINESS_TRAVEL_TRANSFER__APPROVED": {
    "Title": "HRM_Request_Business_Travel_Transfer",
    "Link": "New_Att_BusinessTravelTransfer_Approve",
    "Trans": "HRM_Attendance_BusinessTravelTransfer_Approve"
  },
  "E_PREGNANCYREGISTER__SUBMIT": {
    "Title": "HRM_Request_Pregnancy_Register",
    "Link": "New_Att_PregnancyRegister",
    "Trans": "HRM_Attendance_PregnancyRegister"
  },
  "E_PREGNANCYREGISTER__WAITING": {
    "Title": "HRM_Request_Pregnancy_Register",
    "Link": "New_Att_PregnancyRegister_Approve",
    "Trans": "New_Att_PregnancyRegister_Approve_New_Index"
  },
  "E_PREGNANCYREGISTER__APPROVED": {
    "Title": "HRM_Request_Pregnancy_Register",
    "Link": "New_Att_PregnancyRegister_Approve",
    "Trans": "New_Att_PregnancyRegister_Approve_New_Index"
  },
  "E_LEAVEDAYBUSINESSTRAVEL__SUBMIT": {
    "Title": "HRM_Request_Business_Trip",
    "Link": "New_List_Travel",
    "Trans": "List_Business_Travel"
  },
  "E_LEAVEDAYBUSINESSTRAVEL__WAITING": {
    "Title": "HRM_Request_Business_Trip",
    "Link": "New_List_ApprovedTravel",
    "Trans": "List_Approved_Business_Travel"
  },
  "E_LEAVEDAYBUSINESSTRAVEL__APPROVED": {
    "Title": "HRM_Request_Business_Trip",
    "Link": "New_Att_WaitingApprovedBusinessTravel",
    "Trans": "HRM_Att_WaitingApprovedBusinessTravel_List"
  }
}
