{
  "E_WORKHISTORYSALARY": [
    {
      "type": "E_STATUS",
      "translateKey": "detailedDrawer.Status",
      "order": 1,
      "config": null
    },
    {
      "type": "E_EMP_INFORMATION",
      "translateKey": "detailedDrawer.Employee",
      "order": 2,
      "config": []
    },
    {
      "type": "E_DETAILS_VIEW",
      "translateKey": "attendance.common.detailsForm",
      "order": 3,
      "config": [
        {
          "type": "E_DETAILS_VIEW",
          "title": "Thông tin đề xuất",
          "translateKey": "humanResources.movementPay.ProposedInformation",
          "subTitle": "",
          "icon": "assets/icon/drawer-detailed/u_exchange.svg",
          "fieldName": "ProposedInformation",
          "config": [
            {
              "id": "07e17db0-362a-4958-90c8-aae8dd7c782c",
              "fieldName": "DateEffective",
              "displayName": "Ngày hiệu lực",
              "translateKey": "humanResources.managePersonnelRecords.tab.dateEffectiveExtend",
              "hidden": false,
              "order": 1,
              "format": "dd/MM/yyyy",
              "type": "DateTime",
              "value": null,
              "value_Old": null
            },
            {
              "id": "07e17db0-362a-4958-90c8-aae8dd7c782c",
              "fieldName": "WHOrgStructureName",
              "displayName": "Phòng ban đề xuất",
              "translateKey": "humanResources.managePersonnelRecords.tab.OrganizationStructure",
              "hidden": false,
              "order": 2,
              "format": null,
              "type": null,
              "value": null,
              "value_Old": null
            },
            {
              "id": "07e17db0-362a-4958-90c8-aae8dd7c782c",
              "fieldName": "WHPositionName",
              "displayName": "Chức vụ đề xuất",
              "translateKey": "humanResources.managePersonnelRecords.tab.OrganizationPosition",
              "hidden": false,
              "order": 3,
              "format": null,
              "type": null,
              "value": null,
              "value_Old": null
            },
            {
              "id": "07e17db0-362a-4958-90c8-aae8dd7c782c",
              "fieldName": "WHJobTitleName",
              "displayName": "Chức danh đề xuất",
              "translateKey": "humanResources.managePersonnelRecords.tab.OrganizationJobTitle",
              "hidden": false,
              "order": 4,
              "format": null,
              "type": null,
              "value": null,
              "value_Old": null
            },
            {
              "id": "07e17db0-362a-4958-90c8-aae8dd7c782c",
              "fieldName": "WHSalaryClassName",
              "displayName": "Ngạch lương đề xuất",
              "translateKey": "humanResources.managePersonnelRecords.tab.OrganizationSalaryClass",
              "hidden": false,
              "order": 5,
              "format": null,
              "type": null,
              "value": null,
              "value_Old": null
            },
            {
              "id": "07e17db0-362a-4958-90c8-aae8dd7c782c",
              "fieldName": "WHEmployeeGroupName",
              "displayName": "Nhóm nhân viên đề xuất",
              "translateKey": "humanResources.managePersonnelRecords.tab.OrganizationEmployeeGroup",
              "hidden": false,
              "order": 6,
              "format": null,
              "type": null,
              "value": null,
              "value_Old": null
            },
            {
              "id": "07e17db0-362a-4958-90c8-aae8dd7c782c",
              "fieldName": "WHEmployeeTypeName",
              "displayName": "Loại nhân viên đề xuất",
              "translateKey": "humanResources.managePersonnelRecords.tab.OrganizationEmployeeType",
              "hidden": false,
              "order": 7,
              "format": null,
              "type": null,
              "value": null,
              "value_Old": null
            },
            {
              "id": "07e17db0-362a-4958-90c8-aae8dd7c782c",
              "fieldName": "WHWorkPlaceName",
              "displayName": "Nơi làm việc đề xuất",
              "translateKey": "humanResources.managePersonnelRecords.tab.OrganizationWorkPlaces",
              "hidden": false,
              "order": 8,
              "format": null,
              "type": null,
              "value": null,
              "value_Old": null
            },
            {
              "id": "07e17db0-362a-4958-90c8-aae8dd7c782c",
              "fieldName": "WHCostCentreName",
              "displayName": "Mã chi phí đề xuất",
              "translateKey": "humanResources.managePersonnelRecords.tab.OrganizationCostCode",
              "hidden": false,
              "order": 9,
              "format": null,
              "type": null,
              "value": null,
              "value_Old": null
            },
            {
              "id": "07e17db0-362a-4958-90c8-aae8dd7c782c",
              "fieldName": "SupervisorName",
              "displayName": "Người quản lý trực tiếp đề xuất",
              "translateKey": "humanResources.managePersonnelRecords.tab.OrganizationSupervisor",
              "hidden": false,
              "order": 10,
              "format": null,
              "type": null,
              "value": null,
              "value_Old": null
            },
            {
              "id": "07e17db0-362a-4958-90c8-aae8dd7c782c",
              "fieldName": "MidSupervisorName",
              "displayName": "Người quản lý kế tiếp đề xuất",
              "translateKey": "humanResources.managePersonnelRecords.tab.OrganizationMidSupervisor",
              "hidden": false,
              "order": 11,
              "format": null,
              "type": null,
              "value": null,
              "value_Old": null
            },
            {
              "id": "07e17db0-362a-4958-90c8-aae8dd7c782c",
              "fieldName": "NextSupervisorName",
              "displayName": "Người quản lý tiếp theo đề xuất",
              "translateKey": "humanResources.managePersonnelRecords.tab.OrganizationNextSupervisor",
              "hidden": false,
              "order": 12,
              "format": null,
              "type": null,
              "value": null,
              "value_Old": null
            },
            {
              "id": "07e17db0-362a-4958-90c8-aae8dd7c782c",
              "fieldName": "HighSupervisorName",
              "displayName": "Người quản lý cấp cao đề xuất",
              "translateKey": "humanResources.managePersonnelRecords.tab.OrganizationHighSupervisor",
              "hidden": false,
              "order": 13,
              "format": null,
              "type": null,
              "value": null,
              "value_Old": null
            },
            {
              "id": "07e17db0-362a-4958-90c8-aae8dd7c782c",
              "fieldName": "FileAttach",
              "displayName": "FileAttach ",
              "translateKey": "humanResources.contractHistory.attachment",
              "hidden": false,
              "order": 120,
              "format": null,
              "type": "File",
              "value": null,
              "value_Old": null
            }
          ]
        },
        {
          "type": "E_DETAILS_VIEW",
          "title": "Lương đề xuất",
          "translateKey": "humanResources.managePersonnelRecords.tab.ProposedSalary",
          "subTitle": "",
          "icon": "assets/icon/drawer-detailed/u_money-allowance.svg",
          "fieldName": "ProposedSalary",
          "config": [
            {
              "id": "07e17db0-362a-4958-90c8-aae8dd7c782c",
              "fieldName": "GrossAmount",
              "displayName": "Lương cơ bản",
              "translateKey": "humanResources.managePersonnelRecords.tab.BasicSalary",
              "hidden": false,
              "order": 1,
              "format": null,
              "type": "NumberMoney",
              "value": null,
              "value_Old": null
            },
            {
              "id": "07e17db0-362a-4958-90c8-aae8dd7c782c",
              "fieldName": "KPIAmount",
              "displayName": "Thưởng năng suất hàng tháng",
              "translateKey": "humanResources.managePersonnelRecords.tab.KPIAmount",
              "hidden": false,
              "order": 2,
              "format": null,
              "type": "-",
              "value": null,
              "value_Old": null
            },
            {
              "id": "07e17db0-362a-4958-90c8-aae8dd7c782c",
              "fieldName": "AmountTotal",
              "displayName": "Lương hàng tháng",
              "translateKey": "humanResources.managePersonnelRecords.tab.TotalSalary",
              "hidden": false,
              "order": 3,
              "format": null,
              "type": "NumberMoney",
              "value": null,
              "value_Old": null
            }
          ]
        }
      ]
    },
    {
      "type": "E_PROCESS_APPROVED",
      "translateKey": "detailedDrawer.ApprovalProcess",
      "order": 4,
      "config": null
    }
  ],
  "E_WORKHISTORYSALARYAPPROVE": [
    {
      "type": "E_STATUS",
      "translateKey": "detailedDrawer.Status",
      "order": 1,
      "config": null
    },
    {
      "type": "E_EMP_INFORMATION",
      "translateKey": "humanResources.movementPay.proponent",
      "order": 2,
      "config": []
    },
    {
      "type": "E_DETAILS_VIEW",
      "translateKey": "attendance.common.detailsForm",
      "order": 3,
      "config": [
        {
          "type": "E_DETAILS_VIEW",
          "title": "Thông tin đề xuất",
          "translateKey": "humanResources.movementPay.ProposedInformation",
          "subTitle": "",
          "icon": "assets/icon/drawer-detailed/u_exchange.svg",
          "fieldName": "ProposedInformation",
          "config": [
            {
              "id": "07e17db0-362a-4958-90c8-aae8dd7c782c",
              "fieldName": "DateEffective",
              "displayName": "Ngày hiệu lực",
              "translateKey": "humanResources.managePersonnelRecords.tab.dateEffectiveExtend",
              "hidden": false,
              "order": 1,
              "format": "dd/MM/yyyy",
              "type": "DateTime",
              "value": null,
              "value_Old": null
            },
            {
              "id": "07e17db0-362a-4958-90c8-aae8dd7c782c",
              "fieldName": "WHOrgStructureName",
              "displayName": "Phòng ban đề xuất",
              "translateKey": "humanResources.managePersonnelRecords.tab.OrganizationStructure",
              "hidden": false,
              "order": 2,
              "format": null,
              "type": null,
              "value": null,
              "value_Old": null
            },
            {
              "id": "07e17db0-362a-4958-90c8-aae8dd7c782c",
              "fieldName": "WHPositionName",
              "displayName": "Chức vụ đề xuất",
              "translateKey": "humanResources.managePersonnelRecords.tab.OrganizationPosition",
              "hidden": false,
              "order": 3,
              "format": null,
              "type": null,
              "value": null,
              "value_Old": null
            },
            {
              "id": "07e17db0-362a-4958-90c8-aae8dd7c782c",
              "fieldName": "WHJobTitleName",
              "displayName": "Chức danh đề xuất",
              "translateKey": "humanResources.managePersonnelRecords.tab.OrganizationJobTitle",
              "hidden": false,
              "order": 4,
              "format": null,
              "type": null,
              "value": null,
              "value_Old": null
            },
            {
              "id": "07e17db0-362a-4958-90c8-aae8dd7c782c",
              "fieldName": "WHSalaryClassName",
              "displayName": "Ngạch lương đề xuất",
              "translateKey": "humanResources.managePersonnelRecords.tab.OrganizationSalaryClass",
              "hidden": false,
              "order": 5,
              "format": null,
              "type": null,
              "value": null,
              "value_Old": null
            },
            {
              "id": "07e17db0-362a-4958-90c8-aae8dd7c782c",
              "fieldName": "WHEmployeeGroupName",
              "displayName": "Nhóm nhân viên đề xuất",
              "translateKey": "humanResources.managePersonnelRecords.tab.OrganizationEmployeeGroup",
              "hidden": false,
              "order": 6,
              "format": null,
              "type": null,
              "value": null,
              "value_Old": null
            },
            {
              "id": "07e17db0-362a-4958-90c8-aae8dd7c782c",
              "fieldName": "WHEmployeeTypeName",
              "displayName": "Loại nhân viên đề xuất",
              "translateKey": "humanResources.managePersonnelRecords.tab.OrganizationEmployeeType",
              "hidden": false,
              "order": 7,
              "format": null,
              "type": null,
              "value": null,
              "value_Old": null
            },
            {
              "id": "07e17db0-362a-4958-90c8-aae8dd7c782c",
              "fieldName": "WHWorkPlaceName",
              "displayName": "Nơi làm việc đề xuất",
              "translateKey": "humanResources.managePersonnelRecords.tab.OrganizationWorkPlaces",
              "hidden": false,
              "order": 8,
              "format": null,
              "type": null,
              "value": null,
              "value_Old": null
            },
            {
              "id": "07e17db0-362a-4958-90c8-aae8dd7c782c",
              "fieldName": "WHCostCentreName",
              "displayName": "Mã chi phí đề xuất",
              "translateKey": "humanResources.managePersonnelRecords.tab.OrganizationCostCode",
              "hidden": false,
              "order": 9,
              "format": null,
              "type": null,
              "value": null,
              "value_Old": null
            },
            {
              "id": "07e17db0-362a-4958-90c8-aae8dd7c782c",
              "fieldName": "SupervisorName",
              "displayName": "Người quản lý trực tiếp đề xuất",
              "translateKey": "humanResources.managePersonnelRecords.tab.OrganizationSupervisor",
              "hidden": false,
              "order": 10,
              "format": null,
              "type": null,
              "value": null,
              "value_Old": null
            },
            {
              "id": "07e17db0-362a-4958-90c8-aae8dd7c782c",
              "fieldName": "MidSupervisorName",
              "displayName": "Người quản lý kế tiếp đề xuất",
              "translateKey": "humanResources.managePersonnelRecords.tab.OrganizationMidSupervisor",
              "hidden": false,
              "order": 11,
              "format": null,
              "type": null,
              "value": null,
              "value_Old": null
            },
            {
              "id": "07e17db0-362a-4958-90c8-aae8dd7c782c",
              "fieldName": "NextSupervisorName",
              "displayName": "Người quản lý tiếp theo đề xuất",
              "translateKey": "humanResources.managePersonnelRecords.tab.OrganizationNextSupervisor",
              "hidden": false,
              "order": 12,
              "format": null,
              "type": null,
              "value": null,
              "value_Old": null
            },
            {
              "id": "07e17db0-362a-4958-90c8-aae8dd7c782c",
              "fieldName": "HighSupervisorName",
              "displayName": "Người quản lý cấp cao đề xuất",
              "translateKey": "humanResources.managePersonnelRecords.tab.OrganizationHighSupervisor",
              "hidden": false,
              "order": 13,
              "format": null,
              "type": null,
              "value": null,
              "value_Old": null
            },
            {
              "id": "07e17db0-362a-4958-90c8-aae8dd7c782c",
              "fieldName": "FileAttach",
              "displayName": "FileAttach ",
              "translateKey": "humanResources.contractHistory.attachment",
              "hidden": false,
              "order": 120,
              "format": null,
              "type": "File",
              "value": null,
              "value_Old": null
            }
          ]
        },
        {
          "type": "E_DETAILS_VIEW",
          "title": "Lương đề xuất",
          "translateKey": "humanResources.managePersonnelRecords.tab.ProposedSalary",
          "subTitle": "",
          "icon": "assets/icon/drawer-detailed/u_money-allowance.svg",
          "fieldName": "ProposedSalary",
          "config": [
            {
              "id": "07e17db0-362a-4958-90c8-aae8dd7c782c",
              "fieldName": "GrossAmount",
              "displayName": "Lương cơ bản",
              "translateKey": "humanResources.managePersonnelRecords.tab.BasicSalary",
              "hidden": false,
              "order": 1,
              "format": null,
              "type": "NumberMoney",
              "value": null,
              "value_Old": null
            },
            {
              "id": "07e17db0-362a-4958-90c8-aae8dd7c782c",
              "fieldName": "KPIAmount",
              "displayName": "Thưởng năng suất hàng tháng",
              "translateKey": "humanResources.managePersonnelRecords.tab.KPIAmount",
              "hidden": false,
              "order": 2,
              "format": null,
              "type": "-",
              "value": null,
              "value_Old": null
            },
            {
              "id": "07e17db0-362a-4958-90c8-aae8dd7c782c",
              "fieldName": "AmountTotal",
              "displayName": "Lương hàng tháng",
              "translateKey": "humanResources.managePersonnelRecords.tab.TotalSalary",
              "hidden": false,
              "order": 3,
              "format": null,
              "type": "NumberMoney",
              "value": null,
              "value_Old": null
            }
          ]
        }
      ]
    },
    {
      "type": "E_PROCESS_APPROVED",
      "translateKey": "detailedDrawer.ApprovalProcess",
      "order": 4,
      "config": null
    }
  ]
}
