{
  "E_HISTORYCONTRACT": [
    {
      "type": "E_STATUS",
      "translateKey": "detailedDrawer.Status",
      "order": 1,
      "config": null
    },
    {
      "type": "E_EMP_INFORMATION",
      "translateKey": "detailedDrawer.Employee",
      "order": 2,
      "config": []
    },
    {
      "type": "E_DETAILS_VIEW",
      "translateKey": "attendance.common.detailsForm",
      "order": 3,
      "config": [
        {
          "type": "E_DETAILS_VIEW",
          "title": "Hợp đồng",
          "translateKey": "humanResources.contractHistory.contract",
          "subTitle": "",
          "icon": "assets/icon/drawer-detailed/u_exchange.svg",
          "fieldName": "ListContract",
          "config": [
            {
              "id": "07e17db0-362a-4958-90c8-aae8dd7c782c",
              "fieldName": "ContractNo",
              "displayName": "Số hợp đồng",
              "translateKey": "humanResources.contractHistory.contractNo",
              "hidden": false,
              "order": 1,
              "format": null,
              "type": null,
              "value": null,
              "value_Old": null
            },
            {
              "id": "07e17db0-362a-4958-90c8-aae8dd7c782c",
              "fieldName": "ContractTypeName",
              "displayName": "Loại hợp đồng",
              "translateKey": "humanResources.contractHistory.contractType",
              "hidden": false,
              "order": 2,
              "format": null,
              "type": null,
              "value": null,
              "value_Old": null
            },
            {
              "id": "07e17db0-362a-4958-90c8-aae8dd7c782c",
              "fieldName": "StartEndDate",
              "displayName": "Thời hạn hợp đồng",
              "translateKey": "humanResources.contractHistory.contractDuration",
              "hidden": false,
              "order": 3,
              "format": null,
              "type": null,
              "value": null,
              "value_Old": null
            },
            {
              "id": "07e17db0-362a-4958-90c8-aae8dd7c782c",
              "fieldName": "DurationView",
              "displayName": "Giá trị thời hạn",
              "translateKey": "humanResources.contractHistory.durationValue",
              "hidden": false,
              "order": 4,
              "format": null,
              "type": null,
              "value": null,
              "value_Old": null
            },
            {
              "id": "07e17db0-362a-4958-90c8-aae8dd7c782c",
              "fieldName": "OrgStructureName",
              "displayName": "Phòng ban",
              "translateKey": "humanResources.contractHistory.department",
              "hidden": false,
              "order": 5,
              "format": null,
              "type": null,
              "value": null,
              "value_Old": null
            },
            {
              "id": "07e17db0-362a-4958-90c8-aae8dd7c782c",
              "fieldName": "PositionName",
              "displayName": "Chức vụ",
              "translateKey": "humanResources.contractHistory.position",
              "hidden": false,
              "order": 6,
              "format": null,
              "type": null,
              "value": null,
              "value_Old": null
            },
            {
              "id": "07e17db0-362a-4958-90c8-aae8dd7c782c",
              "fieldName": "JobTitleName",
              "displayName": "Chức danh",
              "translateKey": "humanResources.contractHistory.jobTitle",
              "hidden": false,
              "order": 7,
              "format": null,
              "type": null,
              "value": null,
              "value_Old": null
            },
            {
              "id": "07e17db0-362a-4958-90c8-aae8dd7c782c",
              "fieldName": "DateSigned",
              "displayName": "Ngày ký HĐ",
              "translateKey": "humanResources.contractHistory.contractDate",
              "hidden": false,
              "order": 8,
              "type": "DateTime",
              "format": "dd/MM/yyyy",
              "value": null,
              "value_Old": null
            },
            {
              "id": "07e17db0-362a-4958-90c8-aae8dd7c782c",
              "fieldName": "Note",
              "displayName": "Chức danh",
              "translateKey": "humanResources.contractHistory.note",
              "hidden": false,
              "order": 9,
              "format": null,
              "type": null,
              "value": null,
              "value_Old": null
            },
            {
              "id": "07e17db0-362a-4958-90c8-aae8dd7c782c",
              "fieldName": "WorkPlaceName",
              "displayName": "Nơi làm việc",
              "translateKey": "humanResources.contractHistory.placeWork",
              "hidden": false,
              "order": 10,
              "format": null,
              "type": null,
              "value": null,
              "value_Old": null
            },
            {
              "id": "07e17db0-362a-4958-90c8-aae8dd7c782c",
              "fieldName": "SalaryClassName",
              "displayName": "Ngạch lương",
              "translateKey": "humanResources.contractHistory.level",
              "hidden": false,
              "order": 11,
              "format": null,
              "type": null,
              "value": null,
              "value_Old": null
            },
            {
              "id": "07e17db0-362a-4958-90c8-aae8dd7c782c",
              "fieldName": "EmployeeGroupName",
              "displayName": "Nhóm nhân viên",
              "translateKey": "humanResources.contractHistory.employeeGroup",
              "hidden": false,
              "order": 12,
              "format": null,
              "type": null,
              "value": null,
              "value_Old": null
            },
            {
              "id": "07e17db0-362a-4958-90c8-aae8dd7c782c",
              "fieldName": "EmployeeTypeName",
              "displayName": "Loại nhân viên",
              "translateKey": "humanResources.contractHistory.employeeType",
              "hidden": false,
              "order": 13,
              "format": null,
              "type": null,
              "value": null,
              "value_Old": null
            },
            {
              "id": "07e17db0-362a-4958-90c8-aae8dd7c782c",
              "fieldName": "Salary",
              "displayName": "Lương cơ bản",
              "translateKey": "humanResources.contractHistory.salaryBasic",
              "hidden": false,
              "order": 14,
              "format": null,
              "type": null,
              "value": null,
              "value_Old": null
            },
            {
              "id": "07e17db0-362a-4958-90c8-aae8dd7c782c",
              "fieldName": "KPIAmount",
              "displayName": "Lương KPI",
              "translateKey": "humanResources.contractHistory.productivityBonus",
              "hidden": false,
              "order": 15,
              "format": null,
              "type": null,
              "value": null,
              "value_Old": null
            },
            {
              "id": "07e17db0-362a-4958-90c8-aae8dd7c782c",
              "fieldName": "TotalSalary",
              "displayName": "Tổng lương",
              "translateKey": "humanResources.contractHistory.salary",
              "hidden": false,
              "order": 16,
              "format": null,
              "type": null,
              "value": null,
              "value_Old": null
            },
            {
              "id": "07e17db0-362a-4958-90c8-aae8dd7c782c",
              "fieldName": "AttachFile",
              "displayName": "Tài liệu đính kèm",
              "translateKey": "humanResources.taskManagement.drawer.orderUrl",
              "hidden": false,
              "order": 120,
              "format": null,
              "type": "File",
              "value": null,
              "value_Old": null
            }
          ]
        },
        {
          "type": "E_DETAILS_VIEW",
          "title": "Phụ lục hợp đồng",
          "translateKey": "humanResources.contractHistory.appendixContract",
          "subTitle": "",
          "icon": "assets/icon/drawer-detailed/u_money-allowance.svg",
          "fieldName": "ListContractExtend",
          "config": [
            {
              "id": "07e17db0-362a-4958-90c8-aae8dd7c782c",
              "fieldName": "ContractNo",
              "displayName": "Số hợp đồng",
              "translateKey": "humanResources.contractHistory.contractNo",
              "hidden": false,
              "order": 1,
              "type": null,
              "value": null,
              "value_Old": null
            },
            {
              "id": "07e17db0-362a-4958-90c8-aae8dd7c782c",
              "fieldName": "DateStart",
              "displayName": "Ngày bắt đầu Hợp đồng",
              "translateKey": "humanResources.contractHistory.dateStartContract",
              "hidden": false,
              "order": 2,
              "type": "DateTime",
              "format": "dd/MM/yyyy",
              "value": null,
              "value_Old": null
            },
            {
              "id": "07e17db0-362a-4958-90c8-aae8dd7c782c",
              "fieldName": "AnnexCode",
              "displayName": "Số phụ lục",
              "translateKey": "humanResources.contractHistory.annexCode",
              "hidden": false,
              "order": 3,
              "type": null,
              "value": null,
              "value_Old": null
            },
            {
              "id": "07e17db0-362a-4958-90c8-aae8dd7c782c",
              "fieldName": "AppendixContractName",
              "displayName": "Loại phụ lục",
              "translateKey": "humanResources.contractHistory.appendixContractName",
              "hidden": false,
              "order": 4,
              "type": null,
              "value": null,
              "value_Old": null
            },
            {
              "id": "07e17db0-362a-4958-90c8-aae8dd7c782c",
              "fieldName": "DateSignedAppendixContract",
              "displayName": "Ngày ký PLHĐ",
              "translateKey": "humanResources.contractHistory.dateSignedAppendixContract",
              "hidden": false,
              "order": 5,
              "type": "DateTime",
              "format": "dd/MM/yyyy",
              "value": null,
              "value_Old": null
            },
            {
              "id": "07e17db0-362a-4958-90c8-aae8dd7c782c",
              "fieldName": "AppendixTerm",
              "displayName": "Thời hạn phụ lục",
              "translateKey": "humanResources.contractHistory.appendixTerm",
              "hidden": false,
              "order": 6,
              "type": null,
              "format": null,
              "value": null,
              "value_Old": null
            },
            {
              "id": "07e17db0-362a-4958-90c8-aae8dd7c782c",
              "fieldName": "DateEffectiveExtend",
              "displayName": "Ngày hiệu lực",
              "translateKey": "humanResources.contractHistory.dateEffectiveExtend",
              "hidden": false,
              "order": 7,
              "type": "DateTime",
              "format": "dd/MM/yyyy",
              "value": null,
              "value_Old": null
            },
            {
              "id": "07e17db0-362a-4958-90c8-aae8dd7c782c",
              "fieldName": "NoteExtend",
              "displayName": "Ghi chú",
              "translateKey": "humanResources.contractHistory.note",
              "hidden": false,
              "order": 8,
              "format": null,
              "type": null,
              "value": null,
              "value_Old": null
            },
            {
              "id": "07e17db0-362a-4958-90c8-aae8dd7c782c",
              "fieldName": "SalaryExtend",
              "displayName": "Lương cơ bản",
              "translateKey": "humanResources.contractHistory.salaryBasic",
              "hidden": false,
              "order": 9,
              "format": null,
              "type": null,
              "value": null,
              "value_Old": null
            },
            {
              "id": "07e17db0-362a-4958-90c8-aae8dd7c782c",
              "fieldName": "KPIAmountExtend",
              "displayName": "Lương KPI",
              "translateKey": "humanResources.contractHistory.productivityBonus",
              "hidden": false,
              "order": 10,
              "format": null,
              "type": null,
              "value": null,
              "value_Old": null
            },
            {
              "id": "07e17db0-362a-4958-90c8-aae8dd7c782c",
              "fieldName": "TotalSalaryExtend",
              "displayName": "Tổng lương",
              "translateKey": "humanResources.contractHistory.salary",
              "hidden": false,
              "order": 11,
              "format": null,
              "type": null,
              "value": null,
              "value_Old": null
            },
            {
              "id": "07e17db0-362a-4958-90c8-aae8dd7c782c",
              "fieldName": "AttachmentExtend",
              "displayName": "Tài liệu đính kèm",
              "translateKey": "humanResources.taskManagement.drawer.orderUrl",
              "hidden": false,
              "order": 800,
              "type": "File",
              "value": null,
              "value_Old": null
            }
          ]
        }
      ]
    },
    {
      "type": "E_PROCESS_APPROVED",
      "translateKey": "detailedDrawer.ApprovalProcess",
      "order": 4,
      "config": null
    }
  ]
}
